SensorId,SensorWall,SensorLocation,MatrixRow,LogicalColumn,MeasurementSide,MeasurementChannelId,AcquisitionSourceId,PanelId,RackOrNodeId,ModuleInstanceId,ModuleModel,ConfigurationToolPosition,PhysicalChannel,TerminalBlock,TerminalNumber,CableOrPairId,ThermocoupleType,EngineeringUnit,ExpectedLow,ExpectedHigh,ColdJunctionMethod,WireBreakDiagnosticBasis,EvidenceId,EvidenceScope,VerificationState,CommissioningState,OwnerRemark
G+201,LEFT,SLOT-R1-C01,1,1,FRONT,NOT_PROVIDED,NOT_PROVIDED,NOT_PROVIDED,NOT_PROVIDED,NOT_PROVIDED,NOT_PROVIDED,NOT_PROVIDED,NOT_PROVIDED,NOT_PROVIDED,NOT_PROVIDED,NOT_PROVIDED,NOT_PROVIDED,NOT_PROVIDED,NOT_PROVIDED,NOT_PROVIDED,NOT_PROVIDED,NOT_PROVIDED,REQ-TC-004,NOT_PROVIDED,NOT_PROVIDED,NOT_TESTED,
G+201,LEFT,SLOT-R1-C01,1,1,REAR,NOT_PROVIDED,NOT_PROVIDED,NOT_PROVIDED,NOT_PROVIDED,NOT_PROVIDED,NOT_PROVIDED,NOT_PROVIDED,NOT_PROVIDED,NOT_PROVIDED,NOT_PROVIDED,NOT_PROVIDED,NOT_PROVIDED,NOT_PROVIDED,NOT_PROVIDED,NOT_PROVIDED,NOT_PROVIDED,NOT_PROVIDED,REQ-TC-004,NOT_PROVIDED,NOT_PROVIDED,NOT_TESTED,
G+202,LEFT,SLOT-R1-C02,1,2,FRONT,NOT_PROVIDED,NOT_PROVIDED,NOT_PROVIDED,NOT_PROVIDED,NOT_PROVIDED,NOT_PROVIDED,NOT_PROVIDED,NOT_PROVIDED,NOT_PROVIDED,NOT_PROVIDED,NOT_PROVIDED,NOT_PROVIDED,NOT_PROVIDED,NOT_PROVIDED,NOT_PROVIDED,NOT_PROVIDED,NOT_PROVIDED,REQ-TC-004,NOT_PROVIDED,NOT_PROVIDED,NOT_TESTED,
G+202,LEFT,SLOT-R1-C02,1,2,REAR,NOT_PROVIDED,NOT_PROVIDED,NOT_PROVIDED,NOT_PROVIDED,NOT_PROVIDED,NOT_PROVIDED,NOT_PROVIDED,NOT_PROVIDED,NOT_PROVIDED,NOT_PROVIDED,NOT_PROVIDED,NOT_PROVIDED,NOT_PROVIDED,NOT_PROVIDED,NOT_PROVIDED,NOT_PROVIDED,NOT_PROVIDED,REQ-TC-004,NOT_PROVIDED,NOT_PROVIDED,NOT_TESTED,
G+203,LEFT,SLOT-R1-C03,1,3,FRONT,NOT_PROVIDED,NOT_PROVIDED,NOT_PROVIDED,NOT_PROVIDED,NOT_PROVIDED,NOT_PROVIDED,NOT_PROVIDED,NOT_PROVIDED,NOT_PROVIDED,NOT_PROVIDED,NOT_PROVIDED,NOT_PROVIDED,NOT_PROVIDED,NOT_PROVIDED,NOT_PROVIDED,NOT_PROVIDED,NOT_PROVIDED,REQ-TC-004,NOT_PROVIDED,NOT_PROVIDED,NOT_TESTED,
G+203,LEFT,SLOT-R1-C03,1,3,REAR,NOT_PROVIDED,NOT_PROVIDED,NOT_PROVIDED,NOT_PROVIDED,NOT_PROVIDED,NOT_PROVIDED,NOT_PROVIDED,NOT_PROVIDED,NOT_PROVIDED,NOT_PROVIDED,NOT_PROVIDED,NOT_PROVIDED,NOT_PROVIDED,NOT_PROVIDED,NOT_PROVIDED,NOT_PROVIDED,NOT_PROVIDED,REQ-TC-004,NOT_PROVIDED,NOT_PROVIDED,NOT_TESTED,
G+204,LEFT,SLOT-R1-C04,1,4,FRONT,NOT_PROVIDED,NOT_PROVIDED,NOT_PROVIDED,NOT_PROVIDED,NOT_PROVIDED,NOT_PROVIDED,NOT_PROVIDED,NOT_PROVIDED,NOT_PROVIDED,NOT_PROVIDED,NOT_PROVIDED,NOT_PROVIDED,NOT_PROVIDED,NOT_PROVIDED,NOT_PROVIDED,NOT_PROVIDED,NOT_PROVIDED,REQ-TC-004,NOT_PROVIDED,NOT_PROVIDED,NOT_TESTED,
G+204,LEFT,SLOT-R1-C04,1,4,REAR,NOT_PROVIDED,NOT_PROVIDED,NOT_PROVIDED,NOT_PROVIDED,NOT_PROVIDED,NOT_PROVIDED,NOT_PROVIDED,NOT_PROVIDED,NOT_PROVIDED,NOT_PROVIDED,NOT_PROVIDED,NOT_PROVIDED,NOT_PROVIDED,NOT_PROVIDED,NOT_PROVIDED,NOT_PROVIDED,NOT_PROVIDED,REQ-TC-004,NOT_PROVIDED,NOT_PROVIDED,NOT_TESTED,
G+205,REAR,SLOT-R1-C05,1,5,FRONT,NOT_PROVIDED,NOT_PROVIDED,NOT_PROVIDED,NOT_PROVIDED,NOT_PROVIDED,NOT_PROVIDED,NOT_PROVIDED,NOT_PROVIDED,NOT_PROVIDED,NOT_PROVIDED,NOT_PROVIDED,NOT_PROVIDED,NOT_PROVIDED,NOT_PROVIDED,NOT_PROVIDED,NOT_PROVIDED,NOT_PROVIDED,REQ-TC-004,NOT_PROVIDED,NOT_PROVIDED,NOT_TESTED,
G+205,REAR,SLOT-R1-C05,1,5,REAR,NOT_PROVIDED,NOT_PROVIDED,NOT_PROVIDED,NOT_PROVIDED,NOT_PROVIDED,NOT_PROVIDED,NOT_PROVIDED,NOT_PROVIDED,NOT_PROVIDED,NOT_PROVIDED,NOT_PROVIDED,NOT_PROVIDED,NOT_PROVIDED,NOT_PROVIDED,NOT_PROVIDED,NOT_PROVIDED,NOT_PROVIDED,REQ-TC-004,NOT_PROVIDED,NOT_PROVIDED,NOT_TESTED,
G+206,REAR,SLOT-R1-C06,1,6,FRONT,NOT_PROVIDED,NOT_PROVIDED,NOT_PROVIDED,NOT_PROVIDED,NOT_PROVIDED,NOT_PROVIDED,NOT_PROVIDED,NOT_PROVIDED,NOT_PROVIDED,NOT_PROVIDED,NOT_PROVIDED,NOT_PROVIDED,NOT_PROVIDED,NOT_PROVIDED,NOT_PROVIDED,NOT_PROVIDED,NOT_PROVIDED,REQ-TC-004,NOT_PROVIDED,NOT_PROVIDED,NOT_TESTED,
G+206,REAR,SLOT-R1-C06,1,6,REAR,NOT_PROVIDED,NOT_PROVIDED,NOT_PROVIDED,NOT_PROVIDED,NOT_PROVIDED,NOT_PROVIDED,NOT_PROVIDED,NOT_PROVIDED,NOT_PROVIDED,NOT_PROVIDED,NOT_PROVIDED,NOT_PROVIDED,NOT_PROVIDED,NOT_PROVIDED,NOT_PROVIDED,NOT_PROVIDED,NOT_PROVIDED,REQ-TC-004,NOT_PROVIDED,NOT_PROVIDED,NOT_TESTED,
G+207,REAR,SLOT-R1-C07,1,7,FRONT,NOT_PROVIDED,NOT_PROVIDED,NOT_PROVIDED,NOT_PROVIDED,NOT_PROVIDED,NOT_PROVIDED,NOT_PROVIDED,NOT_PROVIDED,NOT_PROVIDED,NOT_PROVIDED,NOT_PROVIDED,NOT_PROVIDED,NOT_PROVIDED,NOT_PROVIDED,NOT_PROVIDED,NOT_PROVIDED,NOT_PROVIDED,REQ-TC-004,NOT_PROVIDED,NOT_PROVIDED,NOT_TESTED,
G+207,REAR,SLOT-R1-C07,1,7,REAR,NOT_PROVIDED,NOT_PROVIDED,NOT_PROVIDED,NOT_PROVIDED,NOT_PROVIDED,NOT_PROVIDED,NOT_PROVIDED,NOT_PROVIDED,NOT_PROVIDED,NOT_PROVIDED,NOT_PROVIDED,NOT_PROVIDED,NOT_PROVIDED,NOT_PROVIDED,NOT_PROVIDED,NOT_PROVIDED,NOT_PROVIDED,REQ-TC-004,NOT_PROVIDED,NOT_PROVIDED,NOT_TESTED,
G+208,REAR,SLOT-R1-C08,1,8,FRONT,NOT_PROVIDED,NOT_PROVIDED,NOT_PROVIDED,NOT_PROVIDED,NOT_PROVIDED,NOT_PROVIDED,NOT_PROVIDED,NOT_PROVIDED,NOT_PROVIDED,NOT_PROVIDED,NOT_PROVIDED,NOT_PROVIDED,NOT_PROVIDED,NOT_PROVIDED,NOT_PROVIDED,NOT_PROVIDED,NOT_PROVIDED,REQ-TC-004,NOT_PROVIDED,NOT_PROVIDED,NOT_TESTED,
G+208,REAR,SLOT-R1-C08,1,8,REAR,NOT_PROVIDED,NOT_PROVIDED,NOT_PROVIDED,NOT_PROVIDED,NOT_PROVIDED,NOT_PROVIDED,NOT_PROVIDED,NOT_PROVIDED,NOT_PROVIDED,NOT_PROVIDED,NOT_PROVIDED,NOT_PROVIDED,NOT_PROVIDED,NOT_PROVIDED,NOT_PROVIDED,NOT_PROVIDED,NOT_PROVIDED,REQ-TC-004,NOT_PROVIDED,NOT_PROVIDED,NOT_TESTED,
G+209,REAR,SLOT-R1-C09,1,9,FRONT,NOT_PROVIDED,NOT_PROVIDED,NOT_PROVIDED,NOT_PROVIDED,NOT_PROVIDED,NOT_PROVIDED,NOT_PROVIDED,NOT_PROVIDED,NOT_PROVIDED,NOT_PROVIDED,NOT_PROVIDED,NOT_PROVIDED,NOT_PROVIDED,NOT_PROVIDED,NOT_PROVIDED,NOT_PROVIDED,NOT_PROVIDED,REQ-TC-004,NOT_PROVIDED,NOT_PROVIDED,NOT_TESTED,
G+209,REAR,SLOT-R1-C09,1,9,REAR,NOT_PROVIDED,NOT_PROVIDED,NOT_PROVIDED,NOT_PROVIDED,NOT_PROVIDED,NOT_PROVIDED,NOT_PROVIDED,NOT_PROVIDED,NOT_PROVIDED,NOT_PROVIDED,NOT_PROVIDED,NOT_PROVIDED,NOT_PROVIDED,NOT_PROVIDED,NOT_PROVIDED,NOT_PROVIDED,NOT_PROVIDED,REQ-TC-004,NOT_PROVIDED,NOT_PROVIDED,NOT_TESTED,
G+210,RIGHT,SLOT-R1-C10,1,10,FRONT,NOT_PROVIDED,NOT_PROVIDED,NOT_PROVIDED,NOT_PROVIDED,NOT_PROVIDED,NOT_PROVIDED,NOT_PROVIDED,NOT_PROVIDED,NOT_PROVIDED,NOT_PROVIDED,NOT_PROVIDED,NOT_PROVIDED,NOT_PROVIDED,NOT_PROVIDED,NOT_PROVIDED,NOT_PROVIDED,NOT_PROVIDED,REQ-TC-004,NOT_PROVIDED,NOT_PROVIDED,NOT_TESTED,
G+210,RIGHT,SLOT-R1-C10,1,10,REAR,NOT_PROVIDED,NOT_PROVIDED,NOT_PROVIDED,NOT_PROVIDED,NOT_PROVIDED,NOT_PROVIDED,NOT_PROVIDED,NOT_PROVIDED,NOT_PROVIDED,NOT_PROVIDED,NOT_PROVIDED,NOT_PROVIDED,NOT_PROVIDED,NOT_PROVIDED,NOT_PROVIDED,NOT_PROVIDED,NOT_PROVIDED,REQ-TC-004,NOT_PROVIDED,NOT_PROVIDED,NOT_TESTED,
G+211,RIGHT,SLOT-R1-C11,1,11,FRONT,NOT_PROVIDED,NOT_PROVIDED,NOT_PROVIDED,NOT_PROVIDED,NOT_PROVIDED,NOT_PROVIDED,NOT_PROVIDED,NOT_PROVIDED,NOT_PROVIDED,NOT_PROVIDED,NOT_PROVIDED,NOT_PROVIDED,NOT_PROVIDED,NOT_PROVIDED,NOT_PROVIDED,NOT_PROVIDED,NOT_PROVIDED,REQ-TC-004,NOT_PROVIDED,NOT_PROVIDED,NOT_TESTED,
G+211,RIGHT,SLOT-R1-C11,1,11,REAR,NOT_PROVIDED,NOT_PROVIDED,NOT_PROVIDED,NOT_PROVIDED,NOT_PROVIDED,NOT_PROVIDED,NOT_PROVIDED,NOT_PROVIDED,NOT_PROVIDED,NOT_PROVIDED,NOT_PROVIDED,NOT_PROVIDED,NOT_PROVIDED,NOT_PROVIDED,NOT_PROVIDED,NOT_PROVIDED,NOT_PROVIDED,REQ-TC-004,NOT_PROVIDED,NOT_PROVIDED,NOT_TESTED,
G+212,RIGHT,SLOT-R1-C12,1,12,FRONT,NOT_PROVIDED,NOT_PROVIDED,NOT_PROVIDED,NOT_PROVIDED,NOT_PROVIDED,NOT_PROVIDED,NOT_PROVIDED,NOT_PROVIDED,NOT_PROVIDED,NOT_PROVIDED,NOT_PROVIDED,NOT_PROVIDED,NOT_PROVIDED,NOT_PROVIDED,NOT_PROVIDED,NOT_PROVIDED,NOT_PROVIDED,REQ-TC-004,NOT_PROVIDED,NOT_PROVIDED,NOT_TESTED,
G+212,RIGHT,SLOT-R1-C12,1,12,REAR,NOT_PROVIDED,NOT_PROVIDED,NOT_PROVIDED,NOT_PROVIDED,NOT_PROVIDED,NOT_PROVIDED,NOT_PROVIDED,NOT_PROVIDED,NOT_PROVIDED,NOT_PROVIDED,NOT_PROVIDED,NOT_PROVIDED,NOT_PROVIDED,NOT_PROVIDED,NOT_PROVIDED,NOT_PROVIDED,NOT_PROVIDED,REQ-TC-004,NOT_PROVIDED,NOT_PROVIDED,NOT_TESTED,
G+213,RIGHT,SLOT-R1-C13,1,13,FRONT,NOT_PROVIDED,NOT_PROVIDED,NOT_PROVIDED,NOT_PROVIDED,NOT_PROVIDED,NOT_PROVIDED,NOT_PROVIDED,NOT_PROVIDED,NOT_PROVIDED,NOT_PROVIDED,NOT_PROVIDED,NOT_PROVIDED,NOT_PROVIDED,NOT_PROVIDED,NOT_PROVIDED,NOT_PROVIDED,NOT_PROVIDED,REQ-TC-004,NOT_PROVIDED,NOT_PROVIDED,NOT_TESTED,
G+213,RIGHT,SLOT-R1-C13,1,13,REAR,NOT_PROVIDED,NOT_PROVIDED,NOT_PROVIDED,NOT_PROVIDED,NOT_PROVIDED,NOT_PROVIDED,NOT_PROVIDED,NOT_PROVIDED,NOT_PROVIDED,NOT_PROVIDED,NOT_PROVIDED,NOT_PROVIDED,NOT_PROVIDED,NOT_PROVIDED,NOT_PROVIDED,NOT_PROVIDED,NOT_PROVIDED,REQ-TC-004,NOT_PROVIDED,NOT_PROVIDED,NOT_TESTED,
G+214,FRONT,SLOT-R1-C14,1,14,FRONT,NOT_PROVIDED,NOT_PROVIDED,NOT_PROVIDED,NOT_PROVIDED,NOT_PROVIDED,NOT_PROVIDED,NOT_PROVIDED,NOT_PROVIDED,NOT_PROVIDED,NOT_PROVIDED,NOT_PROVIDED,NOT_PROVIDED,NOT_PROVIDED,NOT_PROVIDED,NOT_PROVIDED,NOT_PROVIDED,NOT_PROVIDED,REQ-TC-004,NOT_PROVIDED,NOT_PROVIDED,NOT_TESTED,
G+214,FRONT,SLOT-R1-C14,1,14,REAR,NOT_PROVIDED,NOT_PROVIDED,NOT_PROVIDED,NOT_PROVIDED,NOT_PROVIDED,NOT_PROVIDED,NOT_PROVIDED,NOT_PROVIDED,NOT_PROVIDED,NOT_PROVIDED,NOT_PROVIDED,NOT_PROVIDED,NOT_PROVIDED,NOT_PROVIDED,NOT_PROVIDED,NOT_PROVIDED,NOT_PROVIDED,REQ-TC-004,NOT_PROVIDED,NOT_PROVIDED,NOT_TESTED,
G+215,FRONT,SLOT-R1-C15,1,15,FRONT,NOT_PROVIDED,NOT_PROVIDED,NOT_PROVIDED,NOT_PROVIDED,NOT_PROVIDED,NOT_PROVIDED,NOT_PROVIDED,NOT_PROVIDED,NOT_PROVIDED,NOT_PROVIDED,NOT_PROVIDED,NOT_PROVIDED,NOT_PROVIDED,NOT_PROVIDED,NOT_PROVIDED,NOT_PROVIDED,NOT_PROVIDED,REQ-TC-004,NOT_PROVIDED,NOT_PROVIDED,NOT_TESTED,
G+215,FRONT,SLOT-R1-C15,1,15,REAR,NOT_PROVIDED,NOT_PROVIDED,NOT_PROVIDED,NOT_PROVIDED,NOT_PROVIDED,NOT_PROVIDED,NOT_PROVIDED,NOT_PROVIDED,NOT_PROVIDED,NOT_PROVIDED,NOT_PROVIDED,NOT_PROVIDED,NOT_PROVIDED,NOT_PROVIDED,NOT_PROVIDED,NOT_PROVIDED,NOT_PROVIDED,REQ-TC-004,NOT_PROVIDED,NOT_PROVIDED,NOT_TESTED,
G+216,FRONT,SLOT-R1-C16,1,16,FRONT,NOT_PROVIDED,NOT_PROVIDED,NOT_PROVIDED,NOT_PROVIDED,NOT_PROVIDED,NOT_PROVIDED,NOT_PROVIDED,NOT_PROVIDED,NOT_PROVIDED,NOT_PROVIDED,NOT_PROVIDED,NOT_PROVIDED,NOT_PROVIDED,NOT_PROVIDED,NOT_PROVIDED,NOT_PROVIDED,NOT_PROVIDED,REQ-TC-004,NOT_PROVIDED,NOT_PROVIDED,NOT_TESTED,
G+216,FRONT,SLOT-R1-C16,1,16,REAR,NOT_PROVIDED,NOT_PROVIDED,NOT_PROVIDED,NOT_PROVIDED,NOT_PROVIDED,NOT_PROVIDED,NOT_PROVIDED,NOT_PROVIDED,NOT_PROVIDED,NOT_PROVIDED,NOT_PROVIDED,NOT_PROVIDED,NOT_PROVIDED,NOT_PROVIDED,NOT_PROVIDED,NOT_PROVIDED,NOT_PROVIDED,REQ-TC-004,NOT_PROVIDED,NOT_PROVIDED,NOT_TESTED,
G+217,FRONT,SLOT-R1-C17,1,17,FRONT,NOT_PROVIDED,NOT_PROVIDED,NOT_PROVIDED,NOT_PROVIDED,NOT_PROVIDED,NOT_PROVIDED,NOT_PROVIDED,NOT_PROVIDED,NOT_PROVIDED,NOT_PROVIDED,NOT_PROVIDED,NOT_PROVIDED,NOT_PROVIDED,NOT_PROVIDED,NOT_PROVIDED,NOT_PROVIDED,NOT_PROVIDED,REQ-TC-004,NOT_PROVIDED,NOT_PROVIDED,NOT_TESTED,
G+217,FRONT,SLOT-R1-C17,1,17,REAR,NOT_PROVIDED,NOT_PROVIDED,NOT_PROVIDED,NOT_PROVIDED,NOT_PROVIDED,NOT_PROVIDED,NOT_PROVIDED,NOT_PROVIDED,NOT_PROVIDED,NOT_PROVIDED,NOT_PROVIDED,NOT_PROVIDED,NOT_PROVIDED,NOT_PROVIDED,NOT_PROVIDED,NOT_PROVIDED,NOT_PROVIDED,REQ-TC-004,NOT_PROVIDED,NOT_PROVIDED,NOT_TESTED,
G+218,FRONT,SLOT-R1-C18,1,18,FRONT,NOT_PROVIDED,NOT_PROVIDED,NOT_PROVIDED,NOT_PROVIDED,NOT_PROVIDED,NOT_PROVIDED,NOT_PROVIDED,NOT_PROVIDED,NOT_PROVIDED,NOT_PROVIDED,NOT_PROVIDED,NOT_PROVIDED,NOT_PROVIDED,NOT_PROVIDED,NOT_PROVIDED,NOT_PROVIDED,NOT_PROVIDED,REQ-TC-004,NOT_PROVIDED,NOT_PROVIDED,NOT_TESTED,
G+218,FRONT,SLOT-R1-C18,1,18,REAR,NOT_PROVIDED,NOT_PROVIDED,NOT_PROVIDED,NOT_PROVIDED,NOT_PROVIDED,NOT_PROVIDED,NOT_PROVIDED,NOT_PROVIDED,NOT_PROVIDED,NOT_PROVIDED,NOT_PROVIDED,NOT_PROVIDED,NOT_PROVIDED,NOT_PROVIDED,NOT_PROVIDED,NOT_PROVIDED,NOT_PROVIDED,REQ-TC-004,NOT_PROVIDED,NOT_PROVIDED,NOT_TESTED,
G+101,LEFT,SLOT-R2-C01,2,1,FRONT,NOT_PROVIDED,NOT_PROVIDED,NOT_PROVIDED,NOT_PROVIDED,NOT_PROVIDED,NOT_PROVIDED,NOT_PROVIDED,NOT_PROVIDED,NOT_PROVIDED,NOT_PROVIDED,NOT_PROVIDED,NOT_PROVIDED,NOT_PROVIDED,NOT_PROVIDED,NOT_PROVIDED,NOT_PROVIDED,NOT_PROVIDED,REQ-TC-004,NOT_PROVIDED,NOT_PROVIDED,NOT_TESTED,
G+101,LEFT,SLOT-R2-C01,2,1,REAR,NOT_PROVIDED,NOT_PROVIDED,NOT_PROVIDED,NOT_PROVIDED,NOT_PROVIDED,NOT_PROVIDED,NOT_PROVIDED,NOT_PROVIDED,NOT_PROVIDED,NOT_PROVIDED,NOT_PROVIDED,NOT_PROVIDED,NOT_PROVIDED,NOT_PROVIDED,NOT_PROVIDED,NOT_PROVIDED,NOT_PROVIDED,REQ-TC-004,NOT_PROVIDED,NOT_PROVIDED,NOT_TESTED,
G+102,LEFT,SLOT-R2-C02,2,2,FRONT,NOT_PROVIDED,NOT_PROVIDED,NOT_PROVIDED,NOT_PROVIDED,NOT_PROVIDED,NOT_PROVIDED,NOT_PROVIDED,NOT_PROVIDED,NOT_PROVIDED,NOT_PROVIDED,NOT_PROVIDED,NOT_PROVIDED,NOT_PROVIDED,NOT_PROVIDED,NOT_PROVIDED,NOT_PROVIDED,NOT_PROVIDED,REQ-TC-004,NOT_PROVIDED,NOT_PROVIDED,NOT_TESTED,
G+102,LEFT,SLOT-R2-C02,2,2,REAR,NOT_PROVIDED,NOT_PROVIDED,NOT_PROVIDED,NOT_PROVIDED,NOT_PROVIDED,NOT_PROVIDED,NOT_PROVIDED,NOT_PROVIDED,NOT_PROVIDED,NOT_PROVIDED,NOT_PROVIDED,NOT_PROVIDED,NOT_PROVIDED,NOT_PROVIDED,NOT_PROVIDED,NOT_PROVIDED,NOT_PROVIDED,REQ-TC-004,NOT_PROVIDED,NOT_PROVIDED,NOT_TESTED,
G+103,LEFT,SLOT-R2-C03,2,3,FRONT,NOT_PROVIDED,NOT_PROVIDED,NOT_PROVIDED,NOT_PROVIDED,NOT_PROVIDED,NOT_PROVIDED,NOT_PROVIDED,NOT_PROVIDED,NOT_PROVIDED,NOT_PROVIDED,NOT_PROVIDED,NOT_PROVIDED,NOT_PROVIDED,NOT_PROVIDED,NOT_PROVIDED,NOT_PROVIDED,NOT_PROVIDED,REQ-TC-004,NOT_PROVIDED,NOT_PROVIDED,NOT_TESTED,
G+103,LEFT,SLOT-R2-C03,2,3,REAR,NOT_PROVIDED,NOT_PROVIDED,NOT_PROVIDED,NOT_PROVIDED,NOT_PROVIDED,NOT_PROVIDED,NOT_PROVIDED,NOT_PROVIDED,NOT_PROVIDED,NOT_PROVIDED,NOT_PROVIDED,NOT_PROVIDED,NOT_PROVIDED,NOT_PROVIDED,NOT_PROVIDED,NOT_PROVIDED,NOT_PROVIDED,REQ-TC-004,NOT_PROVIDED,NOT_PROVIDED,NOT_TESTED,
G+104,LEFT,SLOT-R2-C04,2,4,FRONT,NOT_PROVIDED,NOT_PROVIDED,NOT_PROVIDED,NOT_PROVIDED,NOT_PROVIDED,NOT_PROVIDED,NOT_PROVIDED,NOT_PROVIDED,NOT_PROVIDED,NOT_PROVIDED,NOT_PROVIDED,NOT_PROVIDED,NOT_PROVIDED,NOT_PROVIDED,NOT_PROVIDED,NOT_PROVIDED,NOT_PROVIDED,REQ-TC-004,NOT_PROVIDED,NOT_PROVIDED,NOT_TESTED,
G+104,LEFT,SLOT-R2-C04,2,4,REAR,NOT_PROVIDED,NOT_PROVIDED,NOT_PROVIDED,NOT_PROVIDED,NOT_PROVIDED,NOT_PROVIDED,NOT_PROVIDED,NOT_PROVIDED,NOT_PROVIDED,NOT_PROVIDED,NOT_PROVIDED,NOT_PROVIDED,NOT_PROVIDED,NOT_PROVIDED,NOT_PROVIDED,NOT_PROVIDED,NOT_PROVIDED,REQ-TC-004,NOT_PROVIDED,NOT_PROVIDED,NOT_TESTED,
G+105,REAR,SLOT-R2-C05,2,5,FRONT,NOT_PROVIDED,NOT_PROVIDED,NOT_PROVIDED,NOT_PROVIDED,NOT_PROVIDED,NOT_PROVIDED,NOT_PROVIDED,NOT_PROVIDED,NOT_PROVIDED,NOT_PROVIDED,NOT_PROVIDED,NOT_PROVIDED,NOT_PROVIDED,NOT_PROVIDED,NOT_PROVIDED,NOT_PROVIDED,NOT_PROVIDED,REQ-TC-004,NOT_PROVIDED,NOT_PROVIDED,NOT_TESTED,
G+105,REAR,SLOT-R2-C05,2,5,REAR,NOT_PROVIDED,NOT_PROVIDED,NOT_PROVIDED,NOT_PROVIDED,NOT_PROVIDED,NOT_PROVIDED,NOT_PROVIDED,NOT_PROVIDED,NOT_PROVIDED,NOT_PROVIDED,NOT_PROVIDED,NOT_PROVIDED,NOT_PROVIDED,NOT_PROVIDED,NOT_PROVIDED,NOT_PROVIDED,NOT_PROVIDED,REQ-TC-004,NOT_PROVIDED,NOT_PROVIDED,NOT_TESTED,
G+106,REAR,SLOT-R2-C06,2,6,FRONT,NOT_PROVIDED,NOT_PROVIDED,NOT_PROVIDED,NOT_PROVIDED,NOT_PROVIDED,NOT_PROVIDED,NOT_PROVIDED,NOT_PROVIDED,NOT_PROVIDED,NOT_PROVIDED,NOT_PROVIDED,NOT_PROVIDED,NOT_PROVIDED,NOT_PROVIDED,NOT_PROVIDED,NOT_PROVIDED,NOT_PROVIDED,REQ-TC-004,NOT_PROVIDED,NOT_PROVIDED,NOT_TESTED,
G+106,REAR,SLOT-R2-C06,2,6,REAR,NOT_PROVIDED,NOT_PROVIDED,NOT_PROVIDED,NOT_PROVIDED,NOT_PROVIDED,NOT_PROVIDED,NOT_PROVIDED,NOT_PROVIDED,NOT_PROVIDED,NOT_PROVIDED,NOT_PROVIDED,NOT_PROVIDED,NOT_PROVIDED,NOT_PROVIDED,NOT_PROVIDED,NOT_PROVIDED,NOT_PROVIDED,REQ-TC-004,NOT_PROVIDED,NOT_PROVIDED,NOT_TESTED,
G+107,REAR,SLOT-R2-C07,2,7,FRONT,NOT_PROVIDED,NOT_PROVIDED,NOT_PROVIDED,NOT_PROVIDED,NOT_PROVIDED,NOT_PROVIDED,NOT_PROVIDED,NOT_PROVIDED,NOT_PROVIDED,NOT_PROVIDED,NOT_PROVIDED,NOT_PROVIDED,NOT_PROVIDED,NOT_PROVIDED,NOT_PROVIDED,NOT_PROVIDED,NOT_PROVIDED,REQ-TC-004,NOT_PROVIDED,NOT_PROVIDED,NOT_TESTED,
G+107,REAR,SLOT-R2-C07,2,7,REAR,NOT_PROVIDED,NOT_PROVIDED,NOT_PROVIDED,NOT_PROVIDED,NOT_PROVIDED,NOT_PROVIDED,NOT_PROVIDED,NOT_PROVIDED,NOT_PROVIDED,NOT_PROVIDED,NOT_PROVIDED,NOT_PROVIDED,NOT_PROVIDED,NOT_PROVIDED,NOT_PROVIDED,NOT_PROVIDED,NOT_PROVIDED,REQ-TC-004,NOT_PROVIDED,NOT_PROVIDED,NOT_TESTED,
G+108,REAR,SLOT-R2-C08,2,8,FRONT,NOT_PROVIDED,NOT_PROVIDED,NOT_PROVIDED,NOT_PROVIDED,NOT_PROVIDED,NOT_PROVIDED,NOT_PROVIDED,NOT_PROVIDED,NOT_PROVIDED,NOT_PROVIDED,NOT_PROVIDED,NOT_PROVIDED,NOT_PROVIDED,NOT_PROVIDED,NOT_PROVIDED,NOT_PROVIDED,NOT_PROVIDED,REQ-TC-004,NOT_PROVIDED,NOT_PROVIDED,NOT_TESTED,
G+108,REAR,SLOT-R2-C08,2,8,REAR,NOT_PROVIDED,NOT_PROVIDED,NOT_PROVIDED,NOT_PROVIDED,NOT_PROVIDED,NOT_PROVIDED,NOT_PROVIDED,NOT_PROVIDED,NOT_PROVIDED,NOT_PROVIDED,NOT_PROVIDED,NOT_PROVIDED,NOT_PROVIDED,NOT_PROVIDED,NOT_PROVIDED,NOT_PROVIDED,NOT_PROVIDED,REQ-TC-004,NOT_PROVIDED,NOT_PROVIDED,NOT_TESTED,
G+109,REAR,SLOT-R2-C09,2,9,FRONT,NOT_PROVIDED,NOT_PROVIDED,NOT_PROVIDED,NOT_PROVIDED,NOT_PROVIDED,NOT_PROVIDED,NOT_PROVIDED,NOT_PROVIDED,NOT_PROVIDED,NOT_PROVIDED,NOT_PROVIDED,NOT_PROVIDED,NOT_PROVIDED,NOT_PROVIDED,NOT_PROVIDED,NOT_PROVIDED,NOT_PROVIDED,REQ-TC-004,NOT_PROVIDED,NOT_PROVIDED,NOT_TESTED,
G+109,REAR,SLOT-R2-C09,2,9,REAR,NOT_PROVIDED,NOT_PROVIDED,NOT_PROVIDED,NOT_PROVIDED,NOT_PROVIDED,NOT_PROVIDED,NOT_PROVIDED,NOT_PROVIDED,NOT_PROVIDED,NOT_PROVIDED,NOT_PROVIDED,NOT_PROVIDED,NOT_PROVIDED,NOT_PROVIDED,NOT_PROVIDED,NOT_PROVIDED,NOT_PROVIDED,REQ-TC-004,NOT_PROVIDED,NOT_PROVIDED,NOT_TESTED,
G+110,RIGHT,SLOT-R2-C10,2,10,FRONT,NOT_PROVIDED,NOT_PROVIDED,NOT_PROVIDED,NOT_PROVIDED,NOT_PROVIDED,NOT_PROVIDED,NOT_PROVIDED,NOT_PROVIDED,NOT_PROVIDED,NOT_PROVIDED,NOT_PROVIDED,NOT_PROVIDED,NOT_PROVIDED,NOT_PROVIDED,NOT_PROVIDED,NOT_PROVIDED,NOT_PROVIDED,REQ-TC-004,NOT_PROVIDED,NOT_PROVIDED,NOT_TESTED,
G+110,RIGHT,SLOT-R2-C10,2,10,REAR,NOT_PROVIDED,NOT_PROVIDED,NOT_PROVIDED,NOT_PROVIDED,NOT_PROVIDED,NOT_PROVIDED,NOT_PROVIDED,NOT_PROVIDED,NOT_PROVIDED,NOT_PROVIDED,NOT_PROVIDED,NOT_PROVIDED,NOT_PROVIDED,NOT_PROVIDED,NOT_PROVIDED,NOT_PROVIDED,NOT_PROVIDED,REQ-TC-004,NOT_PROVIDED,NOT_PROVIDED,NOT_TESTED,
G+111,RIGHT,SLOT-R2-C11,2,11,FRONT,NOT_PROVIDED,NOT_PROVIDED,NOT_PROVIDED,NOT_PROVIDED,NOT_PROVIDED,NOT_PROVIDED,NOT_PROVIDED,NOT_PROVIDED,NOT_PROVIDED,NOT_PROVIDED,NOT_PROVIDED,NOT_PROVIDED,NOT_PROVIDED,NOT_PROVIDED,NOT_PROVIDED,NOT_PROVIDED,NOT_PROVIDED,REQ-TC-004,NOT_PROVIDED,NOT_PROVIDED,NOT_TESTED,
G+111,RIGHT,SLOT-R2-C11,2,11,REAR,NOT_PROVIDED,NOT_PROVIDED,NOT_PROVIDED,NOT_PROVIDED,NOT_PROVIDED,NOT_PROVIDED,NOT_PROVIDED,NOT_PROVIDED,NOT_PROVIDED,NOT_PROVIDED,NOT_PROVIDED,NOT_PROVIDED,NOT_PROVIDED,NOT_PROVIDED,NOT_PROVIDED,NOT_PROVIDED,NOT_PROVIDED,REQ-TC-004,NOT_PROVIDED,NOT_PROVIDED,NOT_TESTED,
G+112,RIGHT,SLOT-R2-C12,2,12,FRONT,NOT_PROVIDED,NOT_PROVIDED,NOT_PROVIDED,NOT_PROVIDED,NOT_PROVIDED,NOT_PROVIDED,NOT_PROVIDED,NOT_PROVIDED,NOT_PROVIDED,NOT_PROVIDED,NOT_PROVIDED,NOT_PROVIDED,NOT_PROVIDED,NOT_PROVIDED,NOT_PROVIDED,NOT_PROVIDED,NOT_PROVIDED,REQ-TC-004,NOT_PROVIDED,NOT_PROVIDED,NOT_TESTED,
G+112,RIGHT,SLOT-R2-C12,2,12,REAR,NOT_PROVIDED,NOT_PROVIDED,NOT_PROVIDED,NOT_PROVIDED,NOT_PROVIDED,NOT_PROVIDED,NOT_PROVIDED,NOT_PROVIDED,NOT_PROVIDED,NOT_PROVIDED,NOT_PROVIDED,NOT_PROVIDED,NOT_PROVIDED,NOT_PROVIDED,NOT_PROVIDED,NOT_PROVIDED,NOT_PROVIDED,REQ-TC-004,NOT_PROVIDED,NOT_PROVIDED,NOT_TESTED,
G+113,RIGHT,SLOT-R2-C13,2,13,FRONT,NOT_PROVIDED,NOT_PROVIDED,NOT_PROVIDED,NOT_PROVIDED,NOT_PROVIDED,NOT_PROVIDED,NOT_PROVIDED,NOT_PROVIDED,NOT_PROVIDED,NOT_PROVIDED,NOT_PROVIDED,NOT_PROVIDED,NOT_PROVIDED,NOT_PROVIDED,NOT_PROVIDED,NOT_PROVIDED,NOT_PROVIDED,REQ-TC-004,NOT_PROVIDED,NOT_PROVIDED,NOT_TESTED,
G+113,RIGHT,SLOT-R2-C13,2,13,REAR,NOT_PROVIDED,NOT_PROVIDED,NOT_PROVIDED,NOT_PROVIDED,NOT_PROVIDED,NOT_PROVIDED,NOT_PROVIDED,NOT_PROVIDED,NOT_PROVIDED,NOT_PROVIDED,NOT_PROVIDED,NOT_PROVIDED,NOT_PROVIDED,NOT_PROVIDED,NOT_PROVIDED,NOT_PROVIDED,NOT_PROVIDED,REQ-TC-004,NOT_PROVIDED,NOT_PROVIDED,NOT_TESTED,
G+114,FRONT,SLOT-R2-C14,2,14,FRONT,NOT_PROVIDED,NOT_PROVIDED,NOT_PROVIDED,NOT_PROVIDED,NOT_PROVIDED,NOT_PROVIDED,NOT_PROVIDED,NOT_PROVIDED,NOT_PROVIDED,NOT_PROVIDED,NOT_PROVIDED,NOT_PROVIDED,NOT_PROVIDED,NOT_PROVIDED,NOT_PROVIDED,NOT_PROVIDED,NOT_PROVIDED,REQ-TC-004,NOT_PROVIDED,NOT_PROVIDED,NOT_TESTED,
G+114,FRONT,SLOT-R2-C14,2,14,REAR,NOT_PROVIDED,NOT_PROVIDED,NOT_PROVIDED,NOT_PROVIDED,NOT_PROVIDED,NOT_PROVIDED,NOT_PROVIDED,NOT_PROVIDED,NOT_PROVIDED,NOT_PROVIDED,NOT_PROVIDED,NOT_PROVIDED,NOT_PROVIDED,NOT_PROVIDED,NOT_PROVIDED,NOT_PROVIDED,NOT_PROVIDED,REQ-TC-004,NOT_PROVIDED,NOT_PROVIDED,NOT_TESTED,
G+115,FRONT,SLOT-R2-C15,2,15,FRONT,NOT_PROVIDED,NOT_PROVIDED,NOT_PROVIDED,NOT_PROVIDED,NOT_PROVIDED,NOT_PROVIDED,NOT_PROVIDED,NOT_PROVIDED,NOT_PROVIDED,NOT_PROVIDED,NOT_PROVIDED,NOT_PROVIDED,NOT_PROVIDED,NOT_PROVIDED,NOT_PROVIDED,NOT_PROVIDED,NOT_PROVIDED,REQ-TC-004,NOT_PROVIDED,NOT_PROVIDED,NOT_TESTED,
G+115,FRONT,SLOT-R2-C15,2,15,REAR,NOT_PROVIDED,NOT_PROVIDED,NOT_PROVIDED,NOT_PROVIDED,NOT_PROVIDED,NOT_PROVIDED,NOT_PROVIDED,NOT_PROVIDED,NOT_PROVIDED,NOT_PROVIDED,NOT_PROVIDED,NOT_PROVIDED,NOT_PROVIDED,NOT_PROVIDED,NOT_PROVIDED,NOT_PROVIDED,NOT_PROVIDED,REQ-TC-004,NOT_PROVIDED,NOT_PROVIDED,NOT_TESTED,
G+116,FRONT,SLOT-R2-C16,2,16,FRONT,NOT_PROVIDED,NOT_PROVIDED,NOT_PROVIDED,NOT_PROVIDED,NOT_PROVIDED,NOT_PROVIDED,NOT_PROVIDED,NOT_PROVIDED,NOT_PROVIDED,NOT_PROVIDED,NOT_PROVIDED,NOT_PROVIDED,NOT_PROVIDED,NOT_PROVIDED,NOT_PROVIDED,NOT_PROVIDED,NOT_PROVIDED,REQ-TC-004,NOT_PROVIDED,NOT_PROVIDED,NOT_TESTED,
G+116,FRONT,SLOT-R2-C16,2,16,REAR,NOT_PROVIDED,NOT_PROVIDED,NOT_PROVIDED,NOT_PROVIDED,NOT_PROVIDED,NOT_PROVIDED,NOT_PROVIDED,NOT_PROVIDED,NOT_PROVIDED,NOT_PROVIDED,NOT_PROVIDED,NOT_PROVIDED,NOT_PROVIDED,NOT_PROVIDED,NOT_PROVIDED,NOT_PROVIDED,NOT_PROVIDED,REQ-TC-004,NOT_PROVIDED,NOT_PROVIDED,NOT_TESTED,
G+117,FRONT,SLOT-R2-C17,2,17,FRONT,NOT_PROVIDED,NOT_PROVIDED,NOT_PROVIDED,NOT_PROVIDED,NOT_PROVIDED,NOT_PROVIDED,NOT_PROVIDED,NOT_PROVIDED,NOT_PROVIDED,NOT_PROVIDED,NOT_PROVIDED,NOT_PROVIDED,NOT_PROVIDED,NOT_PROVIDED,NOT_PROVIDED,NOT_PROVIDED,NOT_PROVIDED,REQ-TC-004,NOT_PROVIDED,NOT_PROVIDED,NOT_TESTED,
G+117,FRONT,SLOT-R2-C17,2,17,REAR,NOT_PROVIDED,NOT_PROVIDED,NOT_PROVIDED,NOT_PROVIDED,NOT_PROVIDED,NOT_PROVIDED,NOT_PROVIDED,NOT_PROVIDED,NOT_PROVIDED,NOT_PROVIDED,NOT_PROVIDED,NOT_PROVIDED,NOT_PROVIDED,NOT_PROVIDED,NOT_PROVIDED,NOT_PROVIDED,NOT_PROVIDED,REQ-TC-004,NOT_PROVIDED,NOT_PROVIDED,NOT_TESTED,
G+118,FRONT,SLOT-R2-C18,2,18,FRONT,NOT_PROVIDED,NOT_PROVIDED,NOT_PROVIDED,NOT_PROVIDED,NOT_PROVIDED,NOT_PROVIDED,NOT_PROVIDED,NOT_PROVIDED,NOT_PROVIDED,NOT_PROVIDED,NOT_PROVIDED,NOT_PROVIDED,NOT_PROVIDED,NOT_PROVIDED,NOT_PROVIDED,NOT_PROVIDED,NOT_PROVIDED,REQ-TC-004,NOT_PROVIDED,NOT_PROVIDED,NOT_TESTED,
G+118,FRONT,SLOT-R2-C18,2,18,REAR,NOT_PROVIDED,NOT_PROVIDED,NOT_PROVIDED,NOT_PROVIDED,NOT_PROVIDED,NOT_PROVIDED,NOT_PROVIDED,NOT_PROVIDED,NOT_PROVIDED,NOT_PROVIDED,NOT_PROVIDED,NOT_PROVIDED,NOT_PROVIDED,NOT_PROVIDED,NOT_PROVIDED,NOT_PROVIDED,NOT_PROVIDED,REQ-TC-004,NOT_PROVIDED,NOT_PROVIDED,NOT_TESTED,
G1,LEFT,SLOT-R3-C01,3,1,FRONT,NOT_PROVIDED,NOT_PROVIDED,NOT_PROVIDED,NOT_PROVIDED,NOT_PROVIDED,NOT_PROVIDED,NOT_PROVIDED,NOT_PROVIDED,NOT_PROVIDED,NOT_PROVIDED,NOT_PROVIDED,NOT_PROVIDED,NOT_PROVIDED,NOT_PROVIDED,NOT_PROVIDED,NOT_PROVIDED,NOT_PROVIDED,REQ-TC-004,NOT_PROVIDED,NOT_PROVIDED,NOT_TESTED,
G1,LEFT,SLOT-R3-C01,3,1,REAR,NOT_PROVIDED,NOT_PROVIDED,NOT_PROVIDED,NOT_PROVIDED,NOT_PROVIDED,NOT_PROVIDED,NOT_PROVIDED,NOT_PROVIDED,NOT_PROVIDED,NOT_PROVIDED,NOT_PROVIDED,NOT_PROVIDED,NOT_PROVIDED,NOT_PROVIDED,NOT_PROVIDED,NOT_PROVIDED,NOT_PROVIDED,REQ-TC-004,NOT_PROVIDED,NOT_PROVIDED,NOT_TESTED,
G2,LEFT,SLOT-R3-C02,3,2,FRONT,NOT_PROVIDED,NOT_PROVIDED,NOT_PROVIDED,NOT_PROVIDED,NOT_PROVIDED,NOT_PROVIDED,NOT_PROVIDED,NOT_PROVIDED,NOT_PROVIDED,NOT_PROVIDED,NOT_PROVIDED,NOT_PROVIDED,NOT_PROVIDED,NOT_PROVIDED,NOT_PROVIDED,NOT_PROVIDED,NOT_PROVIDED,REQ-TC-004,NOT_PROVIDED,NOT_PROVIDED,NOT_TESTED,
G2,LEFT,SLOT-R3-C02,3,2,REAR,NOT_PROVIDED,NOT_PROVIDED,NOT_PROVIDED,NOT_PROVIDED,NOT_PROVIDED,NOT_PROVIDED,NOT_PROVIDED,NOT_PROVIDED,NOT_PROVIDED,NOT_PROVIDED,NOT_PROVIDED,NOT_PROVIDED,NOT_PROVIDED,NOT_PROVIDED,NOT_PROVIDED,NOT_PROVIDED,NOT_PROVIDED,REQ-TC-004,NOT_PROVIDED,NOT_PROVIDED,NOT_TESTED,
G3,LEFT,SLOT-R3-C03,3,3,FRONT,NOT_PROVIDED,NOT_PROVIDED,NOT_PROVIDED,NOT_PROVIDED,NOT_PROVIDED,NOT_PROVIDED,NOT_PROVIDED,NOT_PROVIDED,NOT_PROVIDED,NOT_PROVIDED,NOT_PROVIDED,NOT_PROVIDED,NOT_PROVIDED,NOT_PROVIDED,NOT_PROVIDED,NOT_PROVIDED,NOT_PROVIDED,REQ-TC-004,NOT_PROVIDED,NOT_PROVIDED,NOT_TESTED,
G3,LEFT,SLOT-R3-C03,3,3,REAR,NOT_PROVIDED,NOT_PROVIDED,NOT_PROVIDED,NOT_PROVIDED,NOT_PROVIDED,NOT_PROVIDED,NOT_PROVIDED,NOT_PROVIDED,NOT_PROVIDED,NOT_PROVIDED,NOT_PROVIDED,NOT_PROVIDED,NOT_PROVIDED,NOT_PROVIDED,NOT_PROVIDED,NOT_PROVIDED,NOT_PROVIDED,REQ-TC-004,NOT_PROVIDED,NOT_PROVIDED,NOT_TESTED,
G4,LEFT,SLOT-R3-C04,3,4,FRONT,NOT_PROVIDED,NOT_PROVIDED,NOT_PROVIDED,NOT_PROVIDED,NOT_PROVIDED,NOT_PROVIDED,NOT_PROVIDED,NOT_PROVIDED,NOT_PROVIDED,NOT_PROVIDED,NOT_PROVIDED,NOT_PROVIDED,NOT_PROVIDED,NOT_PROVIDED,NOT_PROVIDED,NOT_PROVIDED,NOT_PROVIDED,REQ-TC-004,NOT_PROVIDED,NOT_PROVIDED,NOT_TESTED,
G4,LEFT,SLOT-R3-C04,3,4,REAR,NOT_PROVIDED,NOT_PROVIDED,NOT_PROVIDED,NOT_PROVIDED,NOT_PROVIDED,NOT_PROVIDED,NOT_PROVIDED,NOT_PROVIDED,NOT_PROVIDED,NOT_PROVIDED,NOT_PROVIDED,NOT_PROVIDED,NOT_PROVIDED,NOT_PROVIDED,NOT_PROVIDED,NOT_PROVIDED,NOT_PROVIDED,REQ-TC-004,NOT_PROVIDED,NOT_PROVIDED,NOT_TESTED,
G5,REAR,SLOT-R3-C05,3,5,FRONT,NOT_PROVIDED,NOT_PROVIDED,NOT_PROVIDED,NOT_PROVIDED,NOT_PROVIDED,NOT_PROVIDED,NOT_PROVIDED,NOT_PROVIDED,NOT_PROVIDED,NOT_PROVIDED,NOT_PROVIDED,NOT_PROVIDED,NOT_PROVIDED,NOT_PROVIDED,NOT_PROVIDED,NOT_PROVIDED,NOT_PROVIDED,REQ-TC-004,NOT_PROVIDED,NOT_PROVIDED,NOT_TESTED,
G5,REAR,SLOT-R3-C05,3,5,REAR,NOT_PROVIDED,NOT_PROVIDED,NOT_PROVIDED,NOT_PROVIDED,NOT_PROVIDED,NOT_PROVIDED,NOT_PROVIDED,NOT_PROVIDED,NOT_PROVIDED,NOT_PROVIDED,NOT_PROVIDED,NOT_PROVIDED,NOT_PROVIDED,NOT_PROVIDED,NOT_PROVIDED,NOT_PROVIDED,NOT_PROVIDED,REQ-TC-004,NOT_PROVIDED,NOT_PROVIDED,NOT_TESTED,
G6,REAR,SLOT-R3-C06,3,6,FRONT,NOT_PROVIDED,NOT_PROVIDED,NOT_PROVIDED,NOT_PROVIDED,NOT_PROVIDED,NOT_PROVIDED,NOT_PROVIDED,NOT_PROVIDED,NOT_PROVIDED,NOT_PROVIDED,NOT_PROVIDED,NOT_PROVIDED,NOT_PROVIDED,NOT_PROVIDED,NOT_PROVIDED,NOT_PROVIDED,NOT_PROVIDED,REQ-TC-004,NOT_PROVIDED,NOT_PROVIDED,NOT_TESTED,
G6,REAR,SLOT-R3-C06,3,6,REAR,NOT_PROVIDED,NOT_PROVIDED,NOT_PROVIDED,NOT_PROVIDED,NOT_PROVIDED,NOT_PROVIDED,NOT_PROVIDED,NOT_PROVIDED,NOT_PROVIDED,NOT_PROVIDED,NOT_PROVIDED,NOT_PROVIDED,NOT_PROVIDED,NOT_PROVIDED,NOT_PROVIDED,NOT_PROVIDED,NOT_PROVIDED,REQ-TC-004,NOT_PROVIDED,NOT_PROVIDED,NOT_TESTED,
G7,REAR,SLOT-R3-C07,3,7,FRONT,NOT_PROVIDED,NOT_PROVIDED,NOT_PROVIDED,NOT_PROVIDED,NOT_PROVIDED,NOT_PROVIDED,NOT_PROVIDED,NOT_PROVIDED,NOT_PROVIDED,NOT_PROVIDED,NOT_PROVIDED,NOT_PROVIDED,NOT_PROVIDED,NOT_PROVIDED,NOT_PROVIDED,NOT_PROVIDED,NOT_PROVIDED,REQ-TC-004,NOT_PROVIDED,NOT_PROVIDED,NOT_TESTED,
G7,REAR,SLOT-R3-C07,3,7,REAR,NOT_PROVIDED,NOT_PROVIDED,NOT_PROVIDED,NOT_PROVIDED,NOT_PROVIDED,NOT_PROVIDED,NOT_PROVIDED,NOT_PROVIDED,NOT_PROVIDED,NOT_PROVIDED,NOT_PROVIDED,NOT_PROVIDED,NOT_PROVIDED,NOT_PROVIDED,NOT_PROVIDED,NOT_PROVIDED,NOT_PROVIDED,REQ-TC-004,NOT_PROVIDED,NOT_PROVIDED,NOT_TESTED,
G8,REAR,SLOT-R3-C08,3,8,FRONT,NOT_PROVIDED,NOT_PROVIDED,NOT_PROVIDED,NOT_PROVIDED,NOT_PROVIDED,NOT_PROVIDED,NOT_PROVIDED,NOT_PROVIDED,NOT_PROVIDED,NOT_PROVIDED,NOT_PROVIDED,NOT_PROVIDED,NOT_PROVIDED,NOT_PROVIDED,NOT_PROVIDED,NOT_PROVIDED,NOT_PROVIDED,REQ-TC-004,NOT_PROVIDED,NOT_PROVIDED,NOT_TESTED,
G8,REAR,SLOT-R3-C08,3,8,REAR,NOT_PROVIDED,NOT_PROVIDED,NOT_PROVIDED,NOT_PROVIDED,NOT_PROVIDED,NOT_PROVIDED,NOT_PROVIDED,NOT_PROVIDED,NOT_PROVIDED,NOT_PROVIDED,NOT_PROVIDED,NOT_PROVIDED,NOT_PROVIDED,NOT_PROVIDED,NOT_PROVIDED,NOT_PROVIDED,NOT_PROVIDED,REQ-TC-004,NOT_PROVIDED,NOT_PROVIDED,NOT_TESTED,
G9,REAR,SLOT-R3-C09,3,9,FRONT,NOT_PROVIDED,NOT_PROVIDED,NOT_PROVIDED,NOT_PROVIDED,NOT_PROVIDED,NOT_PROVIDED,NOT_PROVIDED,NOT_PROVIDED,NOT_PROVIDED,NOT_PROVIDED,NOT_PROVIDED,NOT_PROVIDED,NOT_PROVIDED,NOT_PROVIDED,NOT_PROVIDED,NOT_PROVIDED,NOT_PROVIDED,REQ-TC-004,NOT_PROVIDED,NOT_PROVIDED,NOT_TESTED,
G9,REAR,SLOT-R3-C09,3,9,REAR,NOT_PROVIDED,NOT_PROVIDED,NOT_PROVIDED,NOT_PROVIDED,NOT_PROVIDED,NOT_PROVIDED,NOT_PROVIDED,NOT_PROVIDED,NOT_PROVIDED,NOT_PROVIDED,NOT_PROVIDED,NOT_PROVIDED,NOT_PROVIDED,NOT_PROVIDED,NOT_PROVIDED,NOT_PROVIDED,NOT_PROVIDED,REQ-TC-004,NOT_PROVIDED,NOT_PROVIDED,NOT_TESTED,
G10,RIGHT,SLOT-R3-C10,3,10,FRONT,NOT_PROVIDED,NOT_PROVIDED,NOT_PROVIDED,NOT_PROVIDED,NOT_PROVIDED,NOT_PROVIDED,NOT_PROVIDED,NOT_PROVIDED,NOT_PROVIDED,NOT_PROVIDED,NOT_PROVIDED,NOT_PROVIDED,NOT_PROVIDED,NOT_PROVIDED,NOT_PROVIDED,NOT_PROVIDED,NOT_PROVIDED,REQ-TC-004,NOT_PROVIDED,NOT_PROVIDED,NOT_TESTED,
G10,RIGHT,SLOT-R3-C10,3,10,REAR,NOT_PROVIDED,NOT_PROVIDED,NOT_PROVIDED,NOT_PROVIDED,NOT_PROVIDED,NOT_PROVIDED,NOT_PROVIDED,NOT_PROVIDED,NOT_PROVIDED,NOT_PROVIDED,NOT_PROVIDED,NOT_PROVIDED,NOT_PROVIDED,NOT_PROVIDED,NOT_PROVIDED,NOT_PROVIDED,NOT_PROVIDED,REQ-TC-004,NOT_PROVIDED,NOT_PROVIDED,NOT_TESTED,
G11,RIGHT,SLOT-R3-C11,3,11,FRONT,NOT_PROVIDED,NOT_PROVIDED,NOT_PROVIDED,NOT_PROVIDED,NOT_PROVIDED,NOT_PROVIDED,NOT_PROVIDED,NOT_PROVIDED,NOT_PROVIDED,NOT_PROVIDED,NOT_PROVIDED,NOT_PROVIDED,NOT_PROVIDED,NOT_PROVIDED,NOT_PROVIDED,NOT_PROVIDED,NOT_PROVIDED,REQ-TC-004,NOT_PROVIDED,NOT_PROVIDED,NOT_TESTED,
G11,RIGHT,SLOT-R3-C11,3,11,REAR,NOT_PROVIDED,NOT_PROVIDED,NOT_PROVIDED,NOT_PROVIDED,NOT_PROVIDED,NOT_PROVIDED,NOT_PROVIDED,NOT_PROVIDED,NOT_PROVIDED,NOT_PROVIDED,NOT_PROVIDED,NOT_PROVIDED,NOT_PROVIDED,NOT_PROVIDED,NOT_PROVIDED,NOT_PROVIDED,NOT_PROVIDED,REQ-TC-004,NOT_PROVIDED,NOT_PROVIDED,NOT_TESTED,
G12,RIGHT,SLOT-R3-C12,3,12,FRONT,NOT_PROVIDED,NOT_PROVIDED,NOT_PROVIDED,NOT_PROVIDED,NOT_PROVIDED,NOT_PROVIDED,NOT_PROVIDED,NOT_PROVIDED,NOT_PROVIDED,NOT_PROVIDED,NOT_PROVIDED,NOT_PROVIDED,NOT_PROVIDED,NOT_PROVIDED,NOT_PROVIDED,NOT_PROVIDED,NOT_PROVIDED,REQ-TC-004,NOT_PROVIDED,NOT_PROVIDED,NOT_TESTED,
G12,RIGHT,SLOT-R3-C12,3,12,REAR,NOT_PROVIDED,NOT_PROVIDED,NOT_PROVIDED,NOT_PROVIDED,NOT_PROVIDED,NOT_PROVIDED,NOT_PROVIDED,NOT_PROVIDED,NOT_PROVIDED,NOT_PROVIDED,NOT_PROVIDED,NOT_PROVIDED,NOT_PROVIDED,NOT_PROVIDED,NOT_PROVIDED,NOT_PROVIDED,NOT_PROVIDED,REQ-TC-004,NOT_PROVIDED,NOT_PROVIDED,NOT_TESTED,
G13,RIGHT,SLOT-R3-C13,3,13,FRONT,NOT_PROVIDED,NOT_PROVIDED,NOT_PROVIDED,NOT_PROVIDED,NOT_PROVIDED,NOT_PROVIDED,NOT_PROVIDED,NOT_PROVIDED,NOT_PROVIDED,NOT_PROVIDED,NOT_PROVIDED,NOT_PROVIDED,NOT_PROVIDED,NOT_PROVIDED,NOT_PROVIDED,NOT_PROVIDED,NOT_PROVIDED,REQ-TC-004,NOT_PROVIDED,NOT_PROVIDED,NOT_TESTED,
G13,RIGHT,SLOT-R3-C13,3,13,REAR,NOT_PROVIDED,NOT_PROVIDED,NOT_PROVIDED,NOT_PROVIDED,NOT_PROVIDED,NOT_PROVIDED,NOT_PROVIDED,NOT_PROVIDED,NOT_PROVIDED,NOT_PROVIDED,NOT_PROVIDED,NOT_PROVIDED,NOT_PROVIDED,NOT_PROVIDED,NOT_PROVIDED,NOT_PROVIDED,NOT_PROVIDED,REQ-TC-004,NOT_PROVIDED,NOT_PROVIDED,NOT_TESTED,
G14,FRONT,SLOT-R3-C14,3,14,FRONT,NOT_PROVIDED,NOT_PROVIDED,NOT_PROVIDED,NOT_PROVIDED,NOT_PROVIDED,NOT_PROVIDED,NOT_PROVIDED,NOT_PROVIDED,NOT_PROVIDED,NOT_PROVIDED,NOT_PROVIDED,NOT_PROVIDED,NOT_PROVIDED,NOT_PROVIDED,NOT_PROVIDED,NOT_PROVIDED,NOT_PROVIDED,REQ-TC-004,NOT_PROVIDED,NOT_PROVIDED,NOT_TESTED,
G14,FRONT,SLOT-R3-C14,3,14,REAR,NOT_PROVIDED,NOT_PROVIDED,NOT_PROVIDED,NOT_PROVIDED,NOT_PROVIDED,NOT_PROVIDED,NOT_PROVIDED,NOT_PROVIDED,NOT_PROVIDED,NOT_PROVIDED,NOT_PROVIDED,NOT_PROVIDED,NOT_PROVIDED,NOT_PROVIDED,NOT_PROVIDED,NOT_PROVIDED,NOT_PROVIDED,REQ-TC-004,NOT_PROVIDED,NOT_PROVIDED,NOT_TESTED,
G15,FRONT,SLOT-R3-C15,3,15,FRONT,NOT_PROVIDED,NOT_PROVIDED,NOT_PROVIDED,NOT_PROVIDED,NOT_PROVIDED,NOT_PROVIDED,NOT_PROVIDED,NOT_PROVIDED,NOT_PROVIDED,NOT_PROVIDED,NOT_PROVIDED,NOT_PROVIDED,NOT_PROVIDED,NOT_PROVIDED,NOT_PROVIDED,NOT_PROVIDED,NOT_PROVIDED,REQ-TC-004,NOT_PROVIDED,NOT_PROVIDED,NOT_TESTED,
G15,FRONT,SLOT-R3-C15,3,15,REAR,NOT_PROVIDED,NOT_PROVIDED,NOT_PROVIDED,NOT_PROVIDED,NOT_PROVIDED,NOT_PROVIDED,NOT_PROVIDED,NOT_PROVIDED,NOT_PROVIDED,NOT_PROVIDED,NOT_PROVIDED,NOT_PROVIDED,NOT_PROVIDED,NOT_PROVIDED,NOT_PROVIDED,NOT_PROVIDED,NOT_PROVIDED,REQ-TC-004,NOT_PROVIDED,NOT_PROVIDED,NOT_TESTED,
G16,FRONT,SLOT-R3-C16,3,16,FRONT,NOT_PROVIDED,NOT_PROVIDED,NOT_PROVIDED,NOT_PROVIDED,NOT_PROVIDED,NOT_PROVIDED,NOT_PROVIDED,NOT_PROVIDED,NOT_PROVIDED,NOT_PROVIDED,NOT_PROVIDED,NOT_PROVIDED,NOT_PROVIDED,NOT_PROVIDED,NOT_PROVIDED,NOT_PROVIDED,NOT_PROVIDED,REQ-TC-004,NOT_PROVIDED,NOT_PROVIDED,NOT_TESTED,
G16,FRONT,SLOT-R3-C16,3,16,REAR,NOT_PROVIDED,NOT_PROVIDED,NOT_PROVIDED,NOT_PROVIDED,NOT_PROVIDED,NOT_PROVIDED,NOT_PROVIDED,NOT_PROVIDED,NOT_PROVIDED,NOT_PROVIDED,NOT_PROVIDED,NOT_PROVIDED,NOT_PROVIDED,NOT_PROVIDED,NOT_PROVIDED,NOT_PROVIDED,NOT_PROVIDED,REQ-TC-004,NOT_PROVIDED,NOT_PROVIDED,NOT_TESTED,
G17,FRONT,SLOT-R3-C17,3,17,FRONT,NOT_PROVIDED,NOT_PROVIDED,NOT_PROVIDED,NOT_PROVIDED,NOT_PROVIDED,NOT_PROVIDED,NOT_PROVIDED,NOT_PROVIDED,NOT_PROVIDED,NOT_PROVIDED,NOT_PROVIDED,NOT_PROVIDED,NOT_PROVIDED,NOT_PROVIDED,NOT_PROVIDED,NOT_PROVIDED,NOT_PROVIDED,REQ-TC-004,NOT_PROVIDED,NOT_PROVIDED,NOT_TESTED,
G17,FRONT,SLOT-R3-C17,3,17,REAR,NOT_PROVIDED,NOT_PROVIDED,NOT_PROVIDED,NOT_PROVIDED,NOT_PROVIDED,NOT_PROVIDED,NOT_PROVIDED,NOT_PROVIDED,NOT_PROVIDED,NOT_PROVIDED,NOT_PROVIDED,NOT_PROVIDED,NOT_PROVIDED,NOT_PROVIDED,NOT_PROVIDED,NOT_PROVIDED,NOT_PROVIDED,REQ-TC-004,NOT_PROVIDED,NOT_PROVIDED,NOT_TESTED,
G18,FRONT,SLOT-R3-C18,3,18,FRONT,NOT_PROVIDED,NOT_PROVIDED,NOT_PROVIDED,NOT_PROVIDED,NOT_PROVIDED,NOT_PROVIDED,NOT_PROVIDED,NOT_PROVIDED,NOT_PROVIDED,NOT_PROVIDED,NOT_PROVIDED,NOT_PROVIDED,NOT_PROVIDED,NOT_PROVIDED,NOT_PROVIDED,NOT_PROVIDED,NOT_PROVIDED,REQ-TC-004,NOT_PROVIDED,NOT_PROVIDED,NOT_TESTED,
G18,FRONT,SLOT-R3-C18,3,18,REAR,NOT_PROVIDED,NOT_PROVIDED,NOT_PROVIDED,NOT_PROVIDED,NOT_PROVIDED,NOT_PROVIDED,NOT_PROVIDED,NOT_PROVIDED,NOT_PROVIDED,NOT_PROVIDED,NOT_PROVIDED,NOT_PROVIDED,NOT_PROVIDED,NOT_PROVIDED,NOT_PROVIDED,NOT_PROVIDED,NOT_PROVIDED,REQ-TC-004,NOT_PROVIDED,NOT_PROVIDED,NOT_TESTED,
H1,LEFT,SLOT-R4-C01,4,1,FRONT,NOT_PROVIDED,NOT_PROVIDED,NOT_PROVIDED,NOT_PROVIDED,NOT_PROVIDED,NOT_PROVIDED,NOT_PROVIDED,NOT_PROVIDED,NOT_PROVIDED,NOT_PROVIDED,NOT_PROVIDED,NOT_PROVIDED,NOT_PROVIDED,NOT_PROVIDED,NOT_PROVIDED,NOT_PROVIDED,NOT_PROVIDED,REQ-TC-004,NOT_PROVIDED,NOT_PROVIDED,NOT_TESTED,
H1,LEFT,SLOT-R4-C01,4,1,REAR,NOT_PROVIDED,NOT_PROVIDED,NOT_PROVIDED,NOT_PROVIDED,NOT_PROVIDED,NOT_PROVIDED,NOT_PROVIDED,NOT_PROVIDED,NOT_PROVIDED,NOT_PROVIDED,NOT_PROVIDED,NOT_PROVIDED,NOT_PROVIDED,NOT_PROVIDED,NOT_PROVIDED,NOT_PROVIDED,NOT_PROVIDED,REQ-TC-004,NOT_PROVIDED,NOT_PROVIDED,NOT_TESTED,
H2,LEFT,SLOT-R4-C02,4,2,FRONT,NOT_PROVIDED,NOT_PROVIDED,NOT_PROVIDED,NOT_PROVIDED,NOT_PROVIDED,NOT_PROVIDED,NOT_PROVIDED,NOT_PROVIDED,NOT_PROVIDED,NOT_PROVIDED,NOT_PROVIDED,NOT_PROVIDED,NOT_PROVIDED,NOT_PROVIDED,NOT_PROVIDED,NOT_PROVIDED,NOT_PROVIDED,REQ-TC-004,NOT_PROVIDED,NOT_PROVIDED,NOT_TESTED,
H2,LEFT,SLOT-R4-C02,4,2,REAR,NOT_PROVIDED,NOT_PROVIDED,NOT_PROVIDED,NOT_PROVIDED,NOT_PROVIDED,NOT_PROVIDED,NOT_PROVIDED,NOT_PROVIDED,NOT_PROVIDED,NOT_PROVIDED,NOT_PROVIDED,NOT_PROVIDED,NOT_PROVIDED,NOT_PROVIDED,NOT_PROVIDED,NOT_PROVIDED,NOT_PROVIDED,REQ-TC-004,NOT_PROVIDED,NOT_PROVIDED,NOT_TESTED,
H3,LEFT,SLOT-R4-C03,4,3,FRONT,NOT_PROVIDED,NOT_PROVIDED,NOT_PROVIDED,NOT_PROVIDED,NOT_PROVIDED,NOT_PROVIDED,NOT_PROVIDED,NOT_PROVIDED,NOT_PROVIDED,NOT_PROVIDED,NOT_PROVIDED,NOT_PROVIDED,NOT_PROVIDED,NOT_PROVIDED,NOT_PROVIDED,NOT_PROVIDED,NOT_PROVIDED,REQ-TC-004,NOT_PROVIDED,NOT_PROVIDED,NOT_TESTED,
H3,LEFT,SLOT-R4-C03,4,3,REAR,NOT_PROVIDED,NOT_PROVIDED,NOT_PROVIDED,NOT_PROVIDED,NOT_PROVIDED,NOT_PROVIDED,NOT_PROVIDED,NOT_PROVIDED,NOT_PROVIDED,NOT_PROVIDED,NOT_PROVIDED,NOT_PROVIDED,NOT_PROVIDED,NOT_PROVIDED,NOT_PROVIDED,NOT_PROVIDED,NOT_PROVIDED,REQ-TC-004,NOT_PROVIDED,NOT_PROVIDED,NOT_TESTED,
H4,LEFT,SLOT-R4-C04,4,4,FRONT,NOT_PROVIDED,NOT_PROVIDED,NOT_PROVIDED,NOT_PROVIDED,NOT_PROVIDED,NOT_PROVIDED,NOT_PROVIDED,NOT_PROVIDED,NOT_PROVIDED,NOT_PROVIDED,NOT_PROVIDED,NOT_PROVIDED,NOT_PROVIDED,NOT_PROVIDED,NOT_PROVIDED,NOT_PROVIDED,NOT_PROVIDED,REQ-TC-004,NOT_PROVIDED,NOT_PROVIDED,NOT_TESTED,
H4,LEFT,SLOT-R4-C04,4,4,REAR,NOT_PROVIDED,NOT_PROVIDED,NOT_PROVIDED,NOT_PROVIDED,NOT_PROVIDED,NOT_PROVIDED,NOT_PROVIDED,NOT_PROVIDED,NOT_PROVIDED,NOT_PROVIDED,NOT_PROVIDED,NOT_PROVIDED,NOT_PROVIDED,NOT_PROVIDED,NOT_PROVIDED,NOT_PROVIDED,NOT_PROVIDED,REQ-TC-004,NOT_PROVIDED,NOT_PROVIDED,NOT_TESTED,
H5,REAR,SLOT-R4-C05,4,5,FRONT,NOT_PROVIDED,NOT_PROVIDED,NOT_PROVIDED,NOT_PROVIDED,NOT_PROVIDED,NOT_PROVIDED,NOT_PROVIDED,NOT_PROVIDED,NOT_PROVIDED,NOT_PROVIDED,NOT_PROVIDED,NOT_PROVIDED,NOT_PROVIDED,NOT_PROVIDED,NOT_PROVIDED,NOT_PROVIDED,NOT_PROVIDED,REQ-TC-004,NOT_PROVIDED,NOT_PROVIDED,NOT_TESTED,
H5,REAR,SLOT-R4-C05,4,5,REAR,NOT_PROVIDED,NOT_PROVIDED,NOT_PROVIDED,NOT_PROVIDED,NOT_PROVIDED,NOT_PROVIDED,NOT_PROVIDED,NOT_PROVIDED,NOT_PROVIDED,NOT_PROVIDED,NOT_PROVIDED,NOT_PROVIDED,NOT_PROVIDED,NOT_PROVIDED,NOT_PROVIDED,NOT_PROVIDED,NOT_PROVIDED,REQ-TC-004,NOT_PROVIDED,NOT_PROVIDED,NOT_TESTED,
H6,REAR,SLOT-R4-C06,4,6,FRONT,NOT_PROVIDED,NOT_PROVIDED,NOT_PROVIDED,NOT_PROVIDED,NOT_PROVIDED,NOT_PROVIDED,NOT_PROVIDED,NOT_PROVIDED,NOT_PROVIDED,NOT_PROVIDED,NOT_PROVIDED,NOT_PROVIDED,NOT_PROVIDED,NOT_PROVIDED,NOT_PROVIDED,NOT_PROVIDED,NOT_PROVIDED,REQ-TC-004,NOT_PROVIDED,NOT_PROVIDED,NOT_TESTED,
H6,REAR,SLOT-R4-C06,4,6,REAR,NOT_PROVIDED,NOT_PROVIDED,NOT_PROVIDED,NOT_PROVIDED,NOT_PROVIDED,NOT_PROVIDED,NOT_PROVIDED,NOT_PROVIDED,NOT_PROVIDED,NOT_PROVIDED,NOT_PROVIDED,NOT_PROVIDED,NOT_PROVIDED,NOT_PROVIDED,NOT_PROVIDED,NOT_PROVIDED,NOT_PROVIDED,REQ-TC-004,NOT_PROVIDED,NOT_PROVIDED,NOT_TESTED,
H7,REAR,SLOT-R4-C07,4,7,FRONT,NOT_PROVIDED,NOT_PROVIDED,NOT_PROVIDED,NOT_PROVIDED,NOT_PROVIDED,NOT_PROVIDED,NOT_PROVIDED,NOT_PROVIDED,NOT_PROVIDED,NOT_PROVIDED,NOT_PROVIDED,NOT_PROVIDED,NOT_PROVIDED,NOT_PROVIDED,NOT_PROVIDED,NOT_PROVIDED,NOT_PROVIDED,REQ-TC-004,NOT_PROVIDED,NOT_PROVIDED,NOT_TESTED,
H7,REAR,SLOT-R4-C07,4,7,REAR,NOT_PROVIDED,NOT_PROVIDED,NOT_PROVIDED,NOT_PROVIDED,NOT_PROVIDED,NOT_PROVIDED,NOT_PROVIDED,NOT_PROVIDED,NOT_PROVIDED,NOT_PROVIDED,NOT_PROVIDED,NOT_PROVIDED,NOT_PROVIDED,NOT_PROVIDED,NOT_PROVIDED,NOT_PROVIDED,NOT_PROVIDED,REQ-TC-004,NOT_PROVIDED,NOT_PROVIDED,NOT_TESTED,
H8,REAR,SLOT-R4-C08,4,8,FRONT,NOT_PROVIDED,NOT_PROVIDED,NOT_PROVIDED,NOT_PROVIDED,NOT_PROVIDED,NOT_PROVIDED,NOT_PROVIDED,NOT_PROVIDED,NOT_PROVIDED,NOT_PROVIDED,NOT_PROVIDED,NOT_PROVIDED,NOT_PROVIDED,NOT_PROVIDED,NOT_PROVIDED,NOT_PROVIDED,NOT_PROVIDED,REQ-TC-004,NOT_PROVIDED,NOT_PROVIDED,NOT_TESTED,
H8,REAR,SLOT-R4-C08,4,8,REAR,NOT_PROVIDED,NOT_PROVIDED,NOT_PROVIDED,NOT_PROVIDED,NOT_PROVIDED,NOT_PROVIDED,NOT_PROVIDED,NOT_PROVIDED,NOT_PROVIDED,NOT_PROVIDED,NOT_PROVIDED,NOT_PROVIDED,NOT_PROVIDED,NOT_PROVIDED,NOT_PROVIDED,NOT_PROVIDED,NOT_PROVIDED,REQ-TC-004,NOT_PROVIDED,NOT_PROVIDED,NOT_TESTED,
H9,REAR,SLOT-R4-C09,4,9,FRONT,NOT_PROVIDED,NOT_PROVIDED,NOT_PROVIDED,NOT_PROVIDED,NOT_PROVIDED,NOT_PROVIDED,NOT_PROVIDED,NOT_PROVIDED,NOT_PROVIDED,NOT_PROVIDED,NOT_PROVIDED,NOT_PROVIDED,NOT_PROVIDED,NOT_PROVIDED,NOT_PROVIDED,NOT_PROVIDED,NOT_PROVIDED,REQ-TC-004,NOT_PROVIDED,NOT_PROVIDED,NOT_TESTED,
H9,REAR,SLOT-R4-C09,4,9,REAR,NOT_PROVIDED,NOT_PROVIDED,NOT_PROVIDED,NOT_PROVIDED,NOT_PROVIDED,NOT_PROVIDED,NOT_PROVIDED,NOT_PROVIDED,NOT_PROVIDED,NOT_PROVIDED,NOT_PROVIDED,NOT_PROVIDED,NOT_PROVIDED,NOT_PROVIDED,NOT_PROVIDED,NOT_PROVIDED,NOT_PROVIDED,REQ-TC-004,NOT_PROVIDED,NOT_PROVIDED,NOT_TESTED,
H10,RIGHT,SLOT-R4-C10,4,10,FRONT,NOT_PROVIDED,NOT_PROVIDED,NOT_PROVIDED,NOT_PROVIDED,NOT_PROVIDED,NOT_PROVIDED,NOT_PROVIDED,NOT_PROVIDED,NOT_PROVIDED,NOT_PROVIDED,NOT_PROVIDED,NOT_PROVIDED,NOT_PROVIDED,NOT_PROVIDED,NOT_PROVIDED,NOT_PROVIDED,NOT_PROVIDED,REQ-TC-004,NOT_PROVIDED,NOT_PROVIDED,NOT_TESTED,
H10,RIGHT,SLOT-R4-C10,4,10,REAR,NOT_PROVIDED,NOT_PROVIDED,NOT_PROVIDED,NOT_PROVIDED,NOT_PROVIDED,NOT_PROVIDED,NOT_PROVIDED,NOT_PROVIDED,NOT_PROVIDED,NOT_PROVIDED,NOT_PROVIDED,NOT_PROVIDED,NOT_PROVIDED,NOT_PROVIDED,NOT_PROVIDED,NOT_PROVIDED,NOT_PROVIDED,REQ-TC-004,NOT_PROVIDED,NOT_PROVIDED,NOT_TESTED,
H11,RIGHT,SLOT-R4-C11,4,11,FRONT,NOT_PROVIDED,NOT_PROVIDED,NOT_PROVIDED,NOT_PROVIDED,NOT_PROVIDED,NOT_PROVIDED,NOT_PROVIDED,NOT_PROVIDED,NOT_PROVIDED,NOT_PROVIDED,NOT_PROVIDED,NOT_PROVIDED,NOT_PROVIDED,NOT_PROVIDED,NOT_PROVIDED,NOT_PROVIDED,NOT_PROVIDED,REQ-TC-004,NOT_PROVIDED,NOT_PROVIDED,NOT_TESTED,
H11,RIGHT,SLOT-R4-C11,4,11,REAR,NOT_PROVIDED,NOT_PROVIDED,NOT_PROVIDED,NOT_PROVIDED,NOT_PROVIDED,NOT_PROVIDED,NOT_PROVIDED,NOT_PROVIDED,NOT_PROVIDED,NOT_PROVIDED,NOT_PROVIDED,NOT_PROVIDED,NOT_PROVIDED,NOT_PROVIDED,NOT_PROVIDED,NOT_PROVIDED,NOT_PROVIDED,REQ-TC-004,NOT_PROVIDED,NOT_PROVIDED,NOT_TESTED,
H12,RIGHT,SLOT-R4-C12,4,12,FRONT,NOT_PROVIDED,NOT_PROVIDED,NOT_PROVIDED,NOT_PROVIDED,NOT_PROVIDED,NOT_PROVIDED,NOT_PROVIDED,NOT_PROVIDED,NOT_PROVIDED,NOT_PROVIDED,NOT_PROVIDED,NOT_PROVIDED,NOT_PROVIDED,NOT_PROVIDED,NOT_PROVIDED,NOT_PROVIDED,NOT_PROVIDED,REQ-TC-004,NOT_PROVIDED,NOT_PROVIDED,NOT_TESTED,
H12,RIGHT,SLOT-R4-C12,4,12,REAR,NOT_PROVIDED,NOT_PROVIDED,NOT_PROVIDED,NOT_PROVIDED,NOT_PROVIDED,NOT_PROVIDED,NOT_PROVIDED,NOT_PROVIDED,NOT_PROVIDED,NOT_PROVIDED,NOT_PROVIDED,NOT_PROVIDED,NOT_PROVIDED,NOT_PROVIDED,NOT_PROVIDED,NOT_PROVIDED,NOT_PROVIDED,REQ-TC-004,NOT_PROVIDED,NOT_PROVIDED,NOT_TESTED,
H13,RIGHT,SLOT-R4-C13,4,13,FRONT,NOT_PROVIDED,NOT_PROVIDED,NOT_PROVIDED,NOT_PROVIDED,NOT_PROVIDED,NOT_PROVIDED,NOT_PROVIDED,NOT_PROVIDED,NOT_PROVIDED,NOT_PROVIDED,NOT_PROVIDED,NOT_PROVIDED,NOT_PROVIDED,NOT_PROVIDED,NOT_PROVIDED,NOT_PROVIDED,NOT_PROVIDED,REQ-TC-004,NOT_PROVIDED,NOT_PROVIDED,NOT_TESTED,
H13,RIGHT,SLOT-R4-C13,4,13,REAR,NOT_PROVIDED,NOT_PROVIDED,NOT_PROVIDED,NOT_PROVIDED,NOT_PROVIDED,NOT_PROVIDED,NOT_PROVIDED,NOT_PROVIDED,NOT_PROVIDED,NOT_PROVIDED,NOT_PROVIDED,NOT_PROVIDED,NOT_PROVIDED,NOT_PROVIDED,NOT_PROVIDED,NOT_PROVIDED,NOT_PROVIDED,REQ-TC-004,NOT_PROVIDED,NOT_PROVIDED,NOT_TESTED,
H14,FRONT,SLOT-R4-C14,4,14,FRONT,NOT_PROVIDED,NOT_PROVIDED,NOT_PROVIDED,NOT_PROVIDED,NOT_PROVIDED,NOT_PROVIDED,NOT_PROVIDED,NOT_PROVIDED,NOT_PROVIDED,NOT_PROVIDED,NOT_PROVIDED,NOT_PROVIDED,NOT_PROVIDED,NOT_PROVIDED,NOT_PROVIDED,NOT_PROVIDED,NOT_PROVIDED,REQ-TC-004,NOT_PROVIDED,NOT_PROVIDED,NOT_TESTED,
H14,FRONT,SLOT-R4-C14,4,14,REAR,NOT_PROVIDED,NOT_PROVIDED,NOT_PROVIDED,NOT_PROVIDED,NOT_PROVIDED,NOT_PROVIDED,NOT_PROVIDED,NOT_PROVIDED,NOT_PROVIDED,NOT_PROVIDED,NOT_PROVIDED,NOT_PROVIDED,NOT_PROVIDED,NOT_PROVIDED,NOT_PROVIDED,NOT_PROVIDED,NOT_PROVIDED,REQ-TC-004,NOT_PROVIDED,NOT_PROVIDED,NOT_TESTED,
H15,FRONT,SLOT-R4-C15,4,15,FRONT,NOT_PROVIDED,NOT_PROVIDED,NOT_PROVIDED,NOT_PROVIDED,NOT_PROVIDED,NOT_PROVIDED,NOT_PROVIDED,NOT_PROVIDED,NOT_PROVIDED,NOT_PROVIDED,NOT_PROVIDED,NOT_PROVIDED,NOT_PROVIDED,NOT_PROVIDED,NOT_PROVIDED,NOT_PROVIDED,NOT_PROVIDED,REQ-TC-004,NOT_PROVIDED,NOT_PROVIDED,NOT_TESTED,
H15,FRONT,SLOT-R4-C15,4,15,REAR,NOT_PROVIDED,NOT_PROVIDED,NOT_PROVIDED,NOT_PROVIDED,NOT_PROVIDED,NOT_PROVIDED,NOT_PROVIDED,NOT_PROVIDED,NOT_PROVIDED,NOT_PROVIDED,NOT_PROVIDED,NOT_PROVIDED,NOT_PROVIDED,NOT_PROVIDED,NOT_PROVIDED,NOT_PROVIDED,NOT_PROVIDED,REQ-TC-004,NOT_PROVIDED,NOT_PROVIDED,NOT_TESTED,
H16,FRONT,SLOT-R4-C16,4,16,FRONT,NOT_PROVIDED,NOT_PROVIDED,NOT_PROVIDED,NOT_PROVIDED,NOT_PROVIDED,NOT_PROVIDED,NOT_PROVIDED,NOT_PROVIDED,NOT_PROVIDED,NOT_PROVIDED,NOT_PROVIDED,NOT_PROVIDED,NOT_PROVIDED,NOT_PROVIDED,NOT_PROVIDED,NOT_PROVIDED,NOT_PROVIDED,REQ-TC-004,NOT_PROVIDED,NOT_PROVIDED,NOT_TESTED,
H16,FRONT,SLOT-R4-C16,4,16,REAR,NOT_PROVIDED,NOT_PROVIDED,NOT_PROVIDED,NOT_PROVIDED,NOT_PROVIDED,NOT_PROVIDED,NOT_PROVIDED,NOT_PROVIDED,NOT_PROVIDED,NOT_PROVIDED,NOT_PROVIDED,NOT_PROVIDED,NOT_PROVIDED,NOT_PROVIDED,NOT_PROVIDED,NOT_PROVIDED,NOT_PROVIDED,REQ-TC-004,NOT_PROVIDED,NOT_PROVIDED,NOT_TESTED,
H17,FRONT,SLOT-R4-C17,4,17,FRONT,NOT_PROVIDED,NOT_PROVIDED,NOT_PROVIDED,NOT_PROVIDED,NOT_PROVIDED,NOT_PROVIDED,NOT_PROVIDED,NOT_PROVIDED,NOT_PROVIDED,NOT_PROVIDED,NOT_PROVIDED,NOT_PROVIDED,NOT_PROVIDED,NOT_PROVIDED,NOT_PROVIDED,NOT_PROVIDED,NOT_PROVIDED,REQ-TC-004,NOT_PROVIDED,NOT_PROVIDED,NOT_TESTED,
H17,FRONT,SLOT-R4-C17,4,17,REAR,NOT_PROVIDED,NOT_PROVIDED,NOT_PROVIDED,NOT_PROVIDED,NOT_PROVIDED,NOT_PROVIDED,NOT_PROVIDED,NOT_PROVIDED,NOT_PROVIDED,NOT_PROVIDED,NOT_PROVIDED,NOT_PROVIDED,NOT_PROVIDED,NOT_PROVIDED,NOT_PROVIDED,NOT_PROVIDED,NOT_PROVIDED,REQ-TC-004,NOT_PROVIDED,NOT_PROVIDED,NOT_TESTED,
H18,FRONT,SLOT-R4-C18,4,18,FRONT,NOT_PROVIDED,NOT_PROVIDED,NOT_PROVIDED,NOT_PROVIDED,NOT_PROVIDED,NOT_PROVIDED,NOT_PROVIDED,NOT_PROVIDED,NOT_PROVIDED,NOT_PROVIDED,NOT_PROVIDED,NOT_PROVIDED,NOT_PROVIDED,NOT_PROVIDED,NOT_PROVIDED,NOT_PROVIDED,NOT_PROVIDED,REQ-TC-004,NOT_PROVIDED,NOT_PROVIDED,NOT_TESTED,
H18,FRONT,SLOT-R4-C18,4,18,REAR,NOT_PROVIDED,NOT_PROVIDED,NOT_PROVIDED,NOT_PROVIDED,NOT_PROVIDED,NOT_PROVIDED,NOT_PROVIDED,NOT_PROVIDED,NOT_PROVIDED,NOT_PROVIDED,NOT_PROVIDED,NOT_PROVIDED,NOT_PROVIDED,NOT_PROVIDED,NOT_PROVIDED,NOT_PROVIDED,NOT_PROVIDED,REQ-TC-004,NOT_PROVIDED,NOT_PROVIDED,NOT_TESTED,
I1,LEFT,SLOT-R5-C01,5,1,FRONT,NOT_PROVIDED,NOT_PROVIDED,NOT_PROVIDED,NOT_PROVIDED,NOT_PROVIDED,NOT_PROVIDED,NOT_PROVIDED,NOT_PROVIDED,NOT_PROVIDED,NOT_PROVIDED,NOT_PROVIDED,NOT_PROVIDED,NOT_PROVIDED,NOT_PROVIDED,NOT_PROVIDED,NOT_PROVIDED,NOT_PROVIDED,REQ-TC-004,NOT_PROVIDED,NOT_PROVIDED,NOT_TESTED,
I1,LEFT,SLOT-R5-C01,5,1,REAR,NOT_PROVIDED,NOT_PROVIDED,NOT_PROVIDED,NOT_PROVIDED,NOT_PROVIDED,NOT_PROVIDED,NOT_PROVIDED,NOT_PROVIDED,NOT_PROVIDED,NOT_PROVIDED,NOT_PROVIDED,NOT_PROVIDED,NOT_PROVIDED,NOT_PROVIDED,NOT_PROVIDED,NOT_PROVIDED,NOT_PROVIDED,REQ-TC-004,NOT_PROVIDED,NOT_PROVIDED,NOT_TESTED,
I2,LEFT,SLOT-R5-C02,5,2,FRONT,NOT_PROVIDED,NOT_PROVIDED,NOT_PROVIDED,NOT_PROVIDED,NOT_PROVIDED,NOT_PROVIDED,NOT_PROVIDED,NOT_PROVIDED,NOT_PROVIDED,NOT_PROVIDED,NOT_PROVIDED,NOT_PROVIDED,NOT_PROVIDED,NOT_PROVIDED,NOT_PROVIDED,NOT_PROVIDED,NOT_PROVIDED,REQ-TC-004,NOT_PROVIDED,NOT_PROVIDED,NOT_TESTED,
I2,LEFT,SLOT-R5-C02,5,2,REAR,NOT_PROVIDED,NOT_PROVIDED,NOT_PROVIDED,NOT_PROVIDED,NOT_PROVIDED,NOT_PROVIDED,NOT_PROVIDED,NOT_PROVIDED,NOT_PROVIDED,NOT_PROVIDED,NOT_PROVIDED,NOT_PROVIDED,NOT_PROVIDED,NOT_PROVIDED,NOT_PROVIDED,NOT_PROVIDED,NOT_PROVIDED,REQ-TC-004,NOT_PROVIDED,NOT_PROVIDED,NOT_TESTED,
I3,LEFT,SLOT-R5-C03,5,3,FRONT,NOT_PROVIDED,NOT_PROVIDED,NOT_PROVIDED,NOT_PROVIDED,NOT_PROVIDED,NOT_PROVIDED,NOT_PROVIDED,NOT_PROVIDED,NOT_PROVIDED,NOT_PROVIDED,NOT_PROVIDED,NOT_PROVIDED,NOT_PROVIDED,NOT_PROVIDED,NOT_PROVIDED,NOT_PROVIDED,NOT_PROVIDED,REQ-TC-004,NOT_PROVIDED,NOT_PROVIDED,NOT_TESTED,
I3,LEFT,SLOT-R5-C03,5,3,REAR,NOT_PROVIDED,NOT_PROVIDED,NOT_PROVIDED,NOT_PROVIDED,NOT_PROVIDED,NOT_PROVIDED,NOT_PROVIDED,NOT_PROVIDED,NOT_PROVIDED,NOT_PROVIDED,NOT_PROVIDED,NOT_PROVIDED,NOT_PROVIDED,NOT_PROVIDED,NOT_PROVIDED,NOT_PROVIDED,NOT_PROVIDED,REQ-TC-004,NOT_PROVIDED,NOT_PROVIDED,NOT_TESTED,
I4,LEFT,SLOT-R5-C04,5,4,FRONT,NOT_PROVIDED,NOT_PROVIDED,NOT_PROVIDED,NOT_PROVIDED,NOT_PROVIDED,NOT_PROVIDED,NOT_PROVIDED,NOT_PROVIDED,NOT_PROVIDED,NOT_PROVIDED,NOT_PROVIDED,NOT_PROVIDED,NOT_PROVIDED,NOT_PROVIDED,NOT_PROVIDED,NOT_PROVIDED,NOT_PROVIDED,REQ-TC-004,NOT_PROVIDED,NOT_PROVIDED,NOT_TESTED,
I4,LEFT,SLOT-R5-C04,5,4,REAR,NOT_PROVIDED,NOT_PROVIDED,NOT_PROVIDED,NOT_PROVIDED,NOT_PROVIDED,NOT_PROVIDED,NOT_PROVIDED,NOT_PROVIDED,NOT_PROVIDED,NOT_PROVIDED,NOT_PROVIDED,NOT_PROVIDED,NOT_PROVIDED,NOT_PROVIDED,NOT_PROVIDED,NOT_PROVIDED,NOT_PROVIDED,REQ-TC-004,NOT_PROVIDED,NOT_PROVIDED,NOT_TESTED,
I5,REAR,SLOT-R5-C05,5,5,FRONT,NOT_PROVIDED,NOT_PROVIDED,NOT_PROVIDED,NOT_PROVIDED,NOT_PROVIDED,NOT_PROVIDED,NOT_PROVIDED,NOT_PROVIDED,NOT_PROVIDED,NOT_PROVIDED,NOT_PROVIDED,NOT_PROVIDED,NOT_PROVIDED,NOT_PROVIDED,NOT_PROVIDED,NOT_PROVIDED,NOT_PROVIDED,REQ-TC-004,NOT_PROVIDED,NOT_PROVIDED,NOT_TESTED,
I5,REAR,SLOT-R5-C05,5,5,REAR,NOT_PROVIDED,NOT_PROVIDED,NOT_PROVIDED,NOT_PROVIDED,NOT_PROVIDED,NOT_PROVIDED,NOT_PROVIDED,NOT_PROVIDED,NOT_PROVIDED,NOT_PROVIDED,NOT_PROVIDED,NOT_PROVIDED,NOT_PROVIDED,NOT_PROVIDED,NOT_PROVIDED,NOT_PROVIDED,NOT_PROVIDED,REQ-TC-004,NOT_PROVIDED,NOT_PROVIDED,NOT_TESTED,
I6,REAR,SLOT-R5-C06,5,6,FRONT,NOT_PROVIDED,NOT_PROVIDED,NOT_PROVIDED,NOT_PROVIDED,NOT_PROVIDED,NOT_PROVIDED,NOT_PROVIDED,NOT_PROVIDED,NOT_PROVIDED,NOT_PROVIDED,NOT_PROVIDED,NOT_PROVIDED,NOT_PROVIDED,NOT_PROVIDED,NOT_PROVIDED,NOT_PROVIDED,NOT_PROVIDED,REQ-TC-004,NOT_PROVIDED,NOT_PROVIDED,NOT_TESTED,
I6,REAR,SLOT-R5-C06,5,6,REAR,NOT_PROVIDED,NOT_PROVIDED,NOT_PROVIDED,NOT_PROVIDED,NOT_PROVIDED,NOT_PROVIDED,NOT_PROVIDED,NOT_PROVIDED,NOT_PROVIDED,NOT_PROVIDED,NOT_PROVIDED,NOT_PROVIDED,NOT_PROVIDED,NOT_PROVIDED,NOT_PROVIDED,NOT_PROVIDED,NOT_PROVIDED,REQ-TC-004,NOT_PROVIDED,NOT_PROVIDED,NOT_TESTED,
I8,REAR,SLOT-R5-C08,5,8,FRONT,NOT_PROVIDED,NOT_PROVIDED,NOT_PROVIDED,NOT_PROVIDED,NOT_PROVIDED,NOT_PROVIDED,NOT_PROVIDED,NOT_PROVIDED,NOT_PROVIDED,NOT_PROVIDED,NOT_PROVIDED,NOT_PROVIDED,NOT_PROVIDED,NOT_PROVIDED,NOT_PROVIDED,NOT_PROVIDED,NOT_PROVIDED,REQ-TC-004,NOT_PROVIDED,NOT_PROVIDED,NOT_TESTED,
I8,REAR,SLOT-R5-C08,5,8,REAR,NOT_PROVIDED,NOT_PROVIDED,NOT_PROVIDED,NOT_PROVIDED,NOT_PROVIDED,NOT_PROVIDED,NOT_PROVIDED,NOT_PROVIDED,NOT_PROVIDED,NOT_PROVIDED,NOT_PROVIDED,NOT_PROVIDED,NOT_PROVIDED,NOT_PROVIDED,NOT_PROVIDED,NOT_PROVIDED,NOT_PROVIDED,REQ-TC-004,NOT_PROVIDED,NOT_PROVIDED,NOT_TESTED,
I9,REAR,SLOT-R5-C09,5,9,FRONT,NOT_PROVIDED,NOT_PROVIDED,NOT_PROVIDED,NOT_PROVIDED,NOT_PROVIDED,NOT_PROVIDED,NOT_PROVIDED,NOT_PROVIDED,NOT_PROVIDED,NOT_PROVIDED,NOT_PROVIDED,NOT_PROVIDED,NOT_PROVIDED,NOT_PROVIDED,NOT_PROVIDED,NOT_PROVIDED,NOT_PROVIDED,REQ-TC-004,NOT_PROVIDED,NOT_PROVIDED,NOT_TESTED,
I9,REAR,SLOT-R5-C09,5,9,REAR,NOT_PROVIDED,NOT_PROVIDED,NOT_PROVIDED,NOT_PROVIDED,NOT_PROVIDED,NOT_PROVIDED,NOT_PROVIDED,NOT_PROVIDED,NOT_PROVIDED,NOT_PROVIDED,NOT_PROVIDED,NOT_PROVIDED,NOT_PROVIDED,NOT_PROVIDED,NOT_PROVIDED,NOT_PROVIDED,NOT_PROVIDED,REQ-TC-004,NOT_PROVIDED,NOT_PROVIDED,NOT_TESTED,
I10,RIGHT,SLOT-R5-C10,5,10,FRONT,NOT_PROVIDED,NOT_PROVIDED,NOT_PROVIDED,NOT_PROVIDED,NOT_PROVIDED,NOT_PROVIDED,NOT_PROVIDED,NOT_PROVIDED,NOT_PROVIDED,NOT_PROVIDED,NOT_PROVIDED,NOT_PROVIDED,NOT_PROVIDED,NOT_PROVIDED,NOT_PROVIDED,NOT_PROVIDED,NOT_PROVIDED,REQ-TC-004,NOT_PROVIDED,NOT_PROVIDED,NOT_TESTED,
I10,RIGHT,SLOT-R5-C10,5,10,REAR,NOT_PROVIDED,NOT_PROVIDED,NOT_PROVIDED,NOT_PROVIDED,NOT_PROVIDED,NOT_PROVIDED,NOT_PROVIDED,NOT_PROVIDED,NOT_PROVIDED,NOT_PROVIDED,NOT_PROVIDED,NOT_PROVIDED,NOT_PROVIDED,NOT_PROVIDED,NOT_PROVIDED,NOT_PROVIDED,NOT_PROVIDED,REQ-TC-004,NOT_PROVIDED,NOT_PROVIDED,NOT_TESTED,
I11,RIGHT,SLOT-R5-C11,5,11,FRONT,NOT_PROVIDED,NOT_PROVIDED,NOT_PROVIDED,NOT_PROVIDED,NOT_PROVIDED,NOT_PROVIDED,NOT_PROVIDED,NOT_PROVIDED,NOT_PROVIDED,NOT_PROVIDED,NOT_PROVIDED,NOT_PROVIDED,NOT_PROVIDED,NOT_PROVIDED,NOT_PROVIDED,NOT_PROVIDED,NOT_PROVIDED,REQ-TC-004,NOT_PROVIDED,NOT_PROVIDED,NOT_TESTED,
I11,RIGHT,SLOT-R5-C11,5,11,REAR,NOT_PROVIDED,NOT_PROVIDED,NOT_PROVIDED,NOT_PROVIDED,NOT_PROVIDED,NOT_PROVIDED,NOT_PROVIDED,NOT_PROVIDED,NOT_PROVIDED,NOT_PROVIDED,NOT_PROVIDED,NOT_PROVIDED,NOT_PROVIDED,NOT_PROVIDED,NOT_PROVIDED,NOT_PROVIDED,NOT_PROVIDED,REQ-TC-004,NOT_PROVIDED,NOT_PROVIDED,NOT_TESTED,
I12,RIGHT,SLOT-R5-C12,5,12,FRONT,NOT_PROVIDED,NOT_PROVIDED,NOT_PROVIDED,NOT_PROVIDED,NOT_PROVIDED,NOT_PROVIDED,NOT_PROVIDED,NOT_PROVIDED,NOT_PROVIDED,NOT_PROVIDED,NOT_PROVIDED,NOT_PROVIDED,NOT_PROVIDED,NOT_PROVIDED,NOT_PROVIDED,NOT_PROVIDED,NOT_PROVIDED,REQ-TC-004,NOT_PROVIDED,NOT_PROVIDED,NOT_TESTED,
I12,RIGHT,SLOT-R5-C12,5,12,REAR,NOT_PROVIDED,NOT_PROVIDED,NOT_PROVIDED,NOT_PROVIDED,NOT_PROVIDED,NOT_PROVIDED,NOT_PROVIDED,NOT_PROVIDED,NOT_PROVIDED,NOT_PROVIDED,NOT_PROVIDED,NOT_PROVIDED,NOT_PROVIDED,NOT_PROVIDED,NOT_PROVIDED,NOT_PROVIDED,NOT_PROVIDED,REQ-TC-004,NOT_PROVIDED,NOT_PROVIDED,NOT_TESTED,
I13,RIGHT,SLOT-R5-C13,5,13,FRONT,NOT_PROVIDED,NOT_PROVIDED,NOT_PROVIDED,NOT_PROVIDED,NOT_PROVIDED,NOT_PROVIDED,NOT_PROVIDED,NOT_PROVIDED,NOT_PROVIDED,NOT_PROVIDED,NOT_PROVIDED,NOT_PROVIDED,NOT_PROVIDED,NOT_PROVIDED,NOT_PROVIDED,NOT_PROVIDED,NOT_PROVIDED,REQ-TC-004,NOT_PROVIDED,NOT_PROVIDED,NOT_TESTED,
I13,RIGHT,SLOT-R5-C13,5,13,REAR,NOT_PROVIDED,NOT_PROVIDED,NOT_PROVIDED,NOT_PROVIDED,NOT_PROVIDED,NOT_PROVIDED,NOT_PROVIDED,NOT_PROVIDED,NOT_PROVIDED,NOT_PROVIDED,NOT_PROVIDED,NOT_PROVIDED,NOT_PROVIDED,NOT_PROVIDED,NOT_PROVIDED,NOT_PROVIDED,NOT_PROVIDED,REQ-TC-004,NOT_PROVIDED,NOT_PROVIDED,NOT_TESTED,
I14,FRONT,SLOT-R5-C14,5,14,FRONT,NOT_PROVIDED,NOT_PROVIDED,NOT_PROVIDED,NOT_PROVIDED,NOT_PROVIDED,NOT_PROVIDED,NOT_PROVIDED,NOT_PROVIDED,NOT_PROVIDED,NOT_PROVIDED,NOT_PROVIDED,NOT_PROVIDED,NOT_PROVIDED,NOT_PROVIDED,NOT_PROVIDED,NOT_PROVIDED,NOT_PROVIDED,REQ-TC-004,NOT_PROVIDED,NOT_PROVIDED,NOT_TESTED,
I14,FRONT,SLOT-R5-C14,5,14,REAR,NOT_PROVIDED,NOT_PROVIDED,NOT_PROVIDED,NOT_PROVIDED,NOT_PROVIDED,NOT_PROVIDED,NOT_PROVIDED,NOT_PROVIDED,NOT_PROVIDED,NOT_PROVIDED,NOT_PROVIDED,NOT_PROVIDED,NOT_PROVIDED,NOT_PROVIDED,NOT_PROVIDED,NOT_PROVIDED,NOT_PROVIDED,REQ-TC-004,NOT_PROVIDED,NOT_PROVIDED,NOT_TESTED,
I15,FRONT,SLOT-R5-C15,5,15,FRONT,NOT_PROVIDED,NOT_PROVIDED,NOT_PROVIDED,NOT_PROVIDED,NOT_PROVIDED,NOT_PROVIDED,NOT_PROVIDED,NOT_PROVIDED,NOT_PROVIDED,NOT_PROVIDED,NOT_PROVIDED,NOT_PROVIDED,NOT_PROVIDED,NOT_PROVIDED,NOT_PROVIDED,NOT_PROVIDED,NOT_PROVIDED,REQ-TC-004,NOT_PROVIDED,NOT_PROVIDED,NOT_TESTED,
I15,FRONT,SLOT-R5-C15,5,15,REAR,NOT_PROVIDED,NOT_PROVIDED,NOT_PROVIDED,NOT_PROVIDED,NOT_PROVIDED,NOT_PROVIDED,NOT_PROVIDED,NOT_PROVIDED,NOT_PROVIDED,NOT_PROVIDED,NOT_PROVIDED,NOT_PROVIDED,NOT_PROVIDED,NOT_PROVIDED,NOT_PROVIDED,NOT_PROVIDED,NOT_PROVIDED,REQ-TC-004,NOT_PROVIDED,NOT_PROVIDED,NOT_TESTED,
I17,FRONT,SLOT-R5-C17,5,17,FRONT,NOT_PROVIDED,NOT_PROVIDED,NOT_PROVIDED,NOT_PROVIDED,NOT_PROVIDED,NOT_PROVIDED,NOT_PROVIDED,NOT_PROVIDED,NOT_PROVIDED,NOT_PROVIDED,NOT_PROVIDED,NOT_PROVIDED,NOT_PROVIDED,NOT_PROVIDED,NOT_PROVIDED,NOT_PROVIDED,NOT_PROVIDED,REQ-TC-004,NOT_PROVIDED,NOT_PROVIDED,NOT_TESTED,
I17,FRONT,SLOT-R5-C17,5,17,REAR,NOT_PROVIDED,NOT_PROVIDED,NOT_PROVIDED,NOT_PROVIDED,NOT_PROVIDED,NOT_PROVIDED,NOT_PROVIDED,NOT_PROVIDED,NOT_PROVIDED,NOT_PROVIDED,NOT_PROVIDED,NOT_PROVIDED,NOT_PROVIDED,NOT_PROVIDED,NOT_PROVIDED,NOT_PROVIDED,NOT_PROVIDED,REQ-TC-004,NOT_PROVIDED,NOT_PROVIDED,NOT_TESTED,
I18,FRONT,SLOT-R5-C18,5,18,FRONT,NOT_PROVIDED,NOT_PROVIDED,NOT_PROVIDED,NOT_PROVIDED,NOT_PROVIDED,NOT_PROVIDED,NOT_PROVIDED,NOT_PROVIDED,NOT_PROVIDED,NOT_PROVIDED,NOT_PROVIDED,NOT_PROVIDED,NOT_PROVIDED,NOT_PROVIDED,NOT_PROVIDED,NOT_PROVIDED,NOT_PROVIDED,REQ-TC-004,NOT_PROVIDED,NOT_PROVIDED,NOT_TESTED,
I18,FRONT,SLOT-R5-C18,5,18,REAR,NOT_PROVIDED,NOT_PROVIDED,NOT_PROVIDED,NOT_PROVIDED,NOT_PROVIDED,NOT_PROVIDED,NOT_PROVIDED,NOT_PROVIDED,NOT_PROVIDED,NOT_PROVIDED,NOT_PROVIDED,NOT_PROVIDED,NOT_PROVIDED,NOT_PROVIDED,NOT_PROVIDED,NOT_PROVIDED,NOT_PROVIDED,REQ-TC-004,NOT_PROVIDED,NOT_PROVIDED,NOT_TESTED,
J1,LEFT,SLOT-R6-C01,6,1,FRONT,NOT_PROVIDED,NOT_PROVIDED,NOT_PROVIDED,NOT_PROVIDED,NOT_PROVIDED,NOT_PROVIDED,NOT_PROVIDED,NOT_PROVIDED,NOT_PROVIDED,NOT_PROVIDED,NOT_PROVIDED,NOT_PROVIDED,NOT_PROVIDED,NOT_PROVIDED,NOT_PROVIDED,NOT_PROVIDED,NOT_PROVIDED,REQ-TC-004,NOT_PROVIDED,NOT_PROVIDED,NOT_TESTED,
J1,LEFT,SLOT-R6-C01,6,1,REAR,NOT_PROVIDED,NOT_PROVIDED,NOT_PROVIDED,NOT_PROVIDED,NOT_PROVIDED,NOT_PROVIDED,NOT_PROVIDED,NOT_PROVIDED,NOT_PROVIDED,NOT_PROVIDED,NOT_PROVIDED,NOT_PROVIDED,NOT_PROVIDED,NOT_PROVIDED,NOT_PROVIDED,NOT_PROVIDED,NOT_PROVIDED,REQ-TC-004,NOT_PROVIDED,NOT_PROVIDED,NOT_TESTED,
J2,LEFT,SLOT-R6-C02,6,2,FRONT,NOT_PROVIDED,NOT_PROVIDED,NOT_PROVIDED,NOT_PROVIDED,NOT_PROVIDED,NOT_PROVIDED,NOT_PROVIDED,NOT_PROVIDED,NOT_PROVIDED,NOT_PROVIDED,NOT_PROVIDED,NOT_PROVIDED,NOT_PROVIDED,NOT_PROVIDED,NOT_PROVIDED,NOT_PROVIDED,NOT_PROVIDED,REQ-TC-004,NOT_PROVIDED,NOT_PROVIDED,NOT_TESTED,
J2,LEFT,SLOT-R6-C02,6,2,REAR,NOT_PROVIDED,NOT_PROVIDED,NOT_PROVIDED,NOT_PROVIDED,NOT_PROVIDED,NOT_PROVIDED,NOT_PROVIDED,NOT_PROVIDED,NOT_PROVIDED,NOT_PROVIDED,NOT_PROVIDED,NOT_PROVIDED,NOT_PROVIDED,NOT_PROVIDED,NOT_PROVIDED,NOT_PROVIDED,NOT_PROVIDED,REQ-TC-004,NOT_PROVIDED,NOT_PROVIDED,NOT_TESTED,
J3,LEFT,SLOT-R6-C03,6,3,FRONT,NOT_PROVIDED,NOT_PROVIDED,NOT_PROVIDED,NOT_PROVIDED,NOT_PROVIDED,NOT_PROVIDED,NOT_PROVIDED,NOT_PROVIDED,NOT_PROVIDED,NOT_PROVIDED,NOT_PROVIDED,NOT_PROVIDED,NOT_PROVIDED,NOT_PROVIDED,NOT_PROVIDED,NOT_PROVIDED,NOT_PROVIDED,REQ-TC-004,NOT_PROVIDED,NOT_PROVIDED,NOT_TESTED,
J3,LEFT,SLOT-R6-C03,6,3,REAR,NOT_PROVIDED,NOT_PROVIDED,NOT_PROVIDED,NOT_PROVIDED,NOT_PROVIDED,NOT_PROVIDED,NOT_PROVIDED,NOT_PROVIDED,NOT_PROVIDED,NOT_PROVIDED,NOT_PROVIDED,NOT_PROVIDED,NOT_PROVIDED,NOT_PROVIDED,NOT_PROVIDED,NOT_PROVIDED,NOT_PROVIDED,REQ-TC-004,NOT_PROVIDED,NOT_PROVIDED,NOT_TESTED,
J4,LEFT,SLOT-R6-C04,6,4,FRONT,NOT_PROVIDED,NOT_PROVIDED,NOT_PROVIDED,NOT_PROVIDED,NOT_PROVIDED,NOT_PROVIDED,NOT_PROVIDED,NOT_PROVIDED,NOT_PROVIDED,NOT_PROVIDED,NOT_PROVIDED,NOT_PROVIDED,NOT_PROVIDED,NOT_PROVIDED,NOT_PROVIDED,NOT_PROVIDED,NOT_PROVIDED,REQ-TC-004,NOT_PROVIDED,NOT_PROVIDED,NOT_TESTED,
J4,LEFT,SLOT-R6-C04,6,4,REAR,NOT_PROVIDED,NOT_PROVIDED,NOT_PROVIDED,NOT_PROVIDED,NOT_PROVIDED,NOT_PROVIDED,NOT_PROVIDED,NOT_PROVIDED,NOT_PROVIDED,NOT_PROVIDED,NOT_PROVIDED,NOT_PROVIDED,NOT_PROVIDED,NOT_PROVIDED,NOT_PROVIDED,NOT_PROVIDED,NOT_PROVIDED,REQ-TC-004,NOT_PROVIDED,NOT_PROVIDED,NOT_TESTED,
J5,REAR,SLOT-R6-C05,6,5,FRONT,NOT_PROVIDED,NOT_PROVIDED,NOT_PROVIDED,NOT_PROVIDED,NOT_PROVIDED,NOT_PROVIDED,NOT_PROVIDED,NOT_PROVIDED,NOT_PROVIDED,NOT_PROVIDED,NOT_PROVIDED,NOT_PROVIDED,NOT_PROVIDED,NOT_PROVIDED,NOT_PROVIDED,NOT_PROVIDED,NOT_PROVIDED,REQ-TC-004,NOT_PROVIDED,NOT_PROVIDED,NOT_TESTED,
J5,REAR,SLOT-R6-C05,6,5,REAR,NOT_PROVIDED,NOT_PROVIDED,NOT_PROVIDED,NOT_PROVIDED,NOT_PROVIDED,NOT_PROVIDED,NOT_PROVIDED,NOT_PROVIDED,NOT_PROVIDED,NOT_PROVIDED,NOT_PROVIDED,NOT_PROVIDED,NOT_PROVIDED,NOT_PROVIDED,NOT_PROVIDED,NOT_PROVIDED,NOT_PROVIDED,REQ-TC-004,NOT_PROVIDED,NOT_PROVIDED,NOT_TESTED,
J6,REAR,SLOT-R6-C06,6,6,FRONT,NOT_PROVIDED,NOT_PROVIDED,NOT_PROVIDED,NOT_PROVIDED,NOT_PROVIDED,NOT_PROVIDED,NOT_PROVIDED,NOT_PROVIDED,NOT_PROVIDED,NOT_PROVIDED,NOT_PROVIDED,NOT_PROVIDED,NOT_PROVIDED,NOT_PROVIDED,NOT_PROVIDED,NOT_PROVIDED,NOT_PROVIDED,REQ-TC-004,NOT_PROVIDED,NOT_PROVIDED,NOT_TESTED,
J6,REAR,SLOT-R6-C06,6,6,REAR,NOT_PROVIDED,NOT_PROVIDED,NOT_PROVIDED,NOT_PROVIDED,NOT_PROVIDED,NOT_PROVIDED,NOT_PROVIDED,NOT_PROVIDED,NOT_PROVIDED,NOT_PROVIDED,NOT_PROVIDED,NOT_PROVIDED,NOT_PROVIDED,NOT_PROVIDED,NOT_PROVIDED,NOT_PROVIDED,NOT_PROVIDED,REQ-TC-004,NOT_PROVIDED,NOT_PROVIDED,NOT_TESTED,
J7,REAR,SLOT-R6-C07,6,7,FRONT,NOT_PROVIDED,NOT_PROVIDED,NOT_PROVIDED,NOT_PROVIDED,NOT_PROVIDED,NOT_PROVIDED,NOT_PROVIDED,NOT_PROVIDED,NOT_PROVIDED,NOT_PROVIDED,NOT_PROVIDED,NOT_PROVIDED,NOT_PROVIDED,NOT_PROVIDED,NOT_PROVIDED,NOT_PROVIDED,NOT_PROVIDED,REQ-TC-004,NOT_PROVIDED,NOT_PROVIDED,NOT_TESTED,
J7,REAR,SLOT-R6-C07,6,7,REAR,NOT_PROVIDED,NOT_PROVIDED,NOT_PROVIDED,NOT_PROVIDED,NOT_PROVIDED,NOT_PROVIDED,NOT_PROVIDED,NOT_PROVIDED,NOT_PROVIDED,NOT_PROVIDED,NOT_PROVIDED,NOT_PROVIDED,NOT_PROVIDED,NOT_PROVIDED,NOT_PROVIDED,NOT_PROVIDED,NOT_PROVIDED,REQ-TC-004,NOT_PROVIDED,NOT_PROVIDED,NOT_TESTED,
J8,REAR,SLOT-R6-C08,6,8,FRONT,NOT_PROVIDED,NOT_PROVIDED,NOT_PROVIDED,NOT_PROVIDED,NOT_PROVIDED,NOT_PROVIDED,NOT_PROVIDED,NOT_PROVIDED,NOT_PROVIDED,NOT_PROVIDED,NOT_PROVIDED,NOT_PROVIDED,NOT_PROVIDED,NOT_PROVIDED,NOT_PROVIDED,NOT_PROVIDED,NOT_PROVIDED,REQ-TC-004,NOT_PROVIDED,NOT_PROVIDED,NOT_TESTED,
J8,REAR,SLOT-R6-C08,6,8,REAR,NOT_PROVIDED,NOT_PROVIDED,NOT_PROVIDED,NOT_PROVIDED,NOT_PROVIDED,NOT_PROVIDED,NOT_PROVIDED,NOT_PROVIDED,NOT_PROVIDED,NOT_PROVIDED,NOT_PROVIDED,NOT_PROVIDED,NOT_PROVIDED,NOT_PROVIDED,NOT_PROVIDED,NOT_PROVIDED,NOT_PROVIDED,REQ-TC-004,NOT_PROVIDED,NOT_PROVIDED,NOT_TESTED,
J9,REAR,SLOT-R6-C09,6,9,FRONT,NOT_PROVIDED,NOT_PROVIDED,NOT_PROVIDED,NOT_PROVIDED,NOT_PROVIDED,NOT_PROVIDED,NOT_PROVIDED,NOT_PROVIDED,NOT_PROVIDED,NOT_PROVIDED,NOT_PROVIDED,NOT_PROVIDED,NOT_PROVIDED,NOT_PROVIDED,NOT_PROVIDED,NOT_PROVIDED,NOT_PROVIDED,REQ-TC-004,NOT_PROVIDED,NOT_PROVIDED,NOT_TESTED,
J9,REAR,SLOT-R6-C09,6,9,REAR,NOT_PROVIDED,NOT_PROVIDED,NOT_PROVIDED,NOT_PROVIDED,NOT_PROVIDED,NOT_PROVIDED,NOT_PROVIDED,NOT_PROVIDED,NOT_PROVIDED,NOT_PROVIDED,NOT_PROVIDED,NOT_PROVIDED,NOT_PROVIDED,NOT_PROVIDED,NOT_PROVIDED,NOT_PROVIDED,NOT_PROVIDED,REQ-TC-004,NOT_PROVIDED,NOT_PROVIDED,NOT_TESTED,
J10,RIGHT,SLOT-R6-C10,6,10,FRONT,NOT_PROVIDED,NOT_PROVIDED,NOT_PROVIDED,NOT_PROVIDED,NOT_PROVIDED,NOT_PROVIDED,NOT_PROVIDED,NOT_PROVIDED,NOT_PROVIDED,NOT_PROVIDED,NOT_PROVIDED,NOT_PROVIDED,NOT_PROVIDED,NOT_PROVIDED,NOT_PROVIDED,NOT_PROVIDED,NOT_PROVIDED,REQ-TC-004,NOT_PROVIDED,NOT_PROVIDED,NOT_TESTED,
J10,RIGHT,SLOT-R6-C10,6,10,REAR,NOT_PROVIDED,NOT_PROVIDED,NOT_PROVIDED,NOT_PROVIDED,NOT_PROVIDED,NOT_PROVIDED,NOT_PROVIDED,NOT_PROVIDED,NOT_PROVIDED,NOT_PROVIDED,NOT_PROVIDED,NOT_PROVIDED,NOT_PROVIDED,NOT_PROVIDED,NOT_PROVIDED,NOT_PROVIDED,NOT_PROVIDED,REQ-TC-004,NOT_PROVIDED,NOT_PROVIDED,NOT_TESTED,
J11,RIGHT,SLOT-R6-C11,6,11,FRONT,NOT_PROVIDED,NOT_PROVIDED,NOT_PROVIDED,NOT_PROVIDED,NOT_PROVIDED,NOT_PROVIDED,NOT_PROVIDED,NOT_PROVIDED,NOT_PROVIDED,NOT_PROVIDED,NOT_PROVIDED,NOT_PROVIDED,NOT_PROVIDED,NOT_PROVIDED,NOT_PROVIDED,NOT_PROVIDED,NOT_PROVIDED,REQ-TC-004,NOT_PROVIDED,NOT_PROVIDED,NOT_TESTED,
J11,RIGHT,SLOT-R6-C11,6,11,REAR,NOT_PROVIDED,NOT_PROVIDED,NOT_PROVIDED,NOT_PROVIDED,NOT_PROVIDED,NOT_PROVIDED,NOT_PROVIDED,NOT_PROVIDED,NOT_PROVIDED,NOT_PROVIDED,NOT_PROVIDED,NOT_PROVIDED,NOT_PROVIDED,NOT_PROVIDED,NOT_PROVIDED,NOT_PROVIDED,NOT_PROVIDED,REQ-TC-004,NOT_PROVIDED,NOT_PROVIDED,NOT_TESTED,
J12,RIGHT,SLOT-R6-C12,6,12,FRONT,NOT_PROVIDED,NOT_PROVIDED,NOT_PROVIDED,NOT_PROVIDED,NOT_PROVIDED,NOT_PROVIDED,NOT_PROVIDED,NOT_PROVIDED,NOT_PROVIDED,NOT_PROVIDED,NOT_PROVIDED,NOT_PROVIDED,NOT_PROVIDED,NOT_PROVIDED,NOT_PROVIDED,NOT_PROVIDED,NOT_PROVIDED,REQ-TC-004,NOT_PROVIDED,NOT_PROVIDED,NOT_TESTED,
J12,RIGHT,SLOT-R6-C12,6,12,REAR,NOT_PROVIDED,NOT_PROVIDED,NOT_PROVIDED,NOT_PROVIDED,NOT_PROVIDED,NOT_PROVIDED,NOT_PROVIDED,NOT_PROVIDED,NOT_PROVIDED,NOT_PROVIDED,NOT_PROVIDED,NOT_PROVIDED,NOT_PROVIDED,NOT_PROVIDED,NOT_PROVIDED,NOT_PROVIDED,NOT_PROVIDED,REQ-TC-004,NOT_PROVIDED,NOT_PROVIDED,NOT_TESTED,
J13,RIGHT,SLOT-R6-C13,6,13,FRONT,NOT_PROVIDED,NOT_PROVIDED,NOT_PROVIDED,NOT_PROVIDED,NOT_PROVIDED,NOT_PROVIDED,NOT_PROVIDED,NOT_PROVIDED,NOT_PROVIDED,NOT_PROVIDED,NOT_PROVIDED,NOT_PROVIDED,NOT_PROVIDED,NOT_PROVIDED,NOT_PROVIDED,NOT_PROVIDED,NOT_PROVIDED,REQ-TC-004,NOT_PROVIDED,NOT_PROVIDED,NOT_TESTED,
J13,RIGHT,SLOT-R6-C13,6,13,REAR,NOT_PROVIDED,NOT_PROVIDED,NOT_PROVIDED,NOT_PROVIDED,NOT_PROVIDED,NOT_PROVIDED,NOT_PROVIDED,NOT_PROVIDED,NOT_PROVIDED,NOT_PROVIDED,NOT_PROVIDED,NOT_PROVIDED,NOT_PROVIDED,NOT_PROVIDED,NOT_PROVIDED,NOT_PROVIDED,NOT_PROVIDED,REQ-TC-004,NOT_PROVIDED,NOT_PROVIDED,NOT_TESTED,
J14,FRONT,SLOT-R6-C14,6,14,FRONT,NOT_PROVIDED,NOT_PROVIDED,NOT_PROVIDED,NOT_PROVIDED,NOT_PROVIDED,NOT_PROVIDED,NOT_PROVIDED,NOT_PROVIDED,NOT_PROVIDED,NOT_PROVIDED,NOT_PROVIDED,NOT_PROVIDED,NOT_PROVIDED,NOT_PROVIDED,NOT_PROVIDED,NOT_PROVIDED,NOT_PROVIDED,REQ-TC-004,NOT_PROVIDED,NOT_PROVIDED,NOT_TESTED,
J14,FRONT,SLOT-R6-C14,6,14,REAR,NOT_PROVIDED,NOT_PROVIDED,NOT_PROVIDED,NOT_PROVIDED,NOT_PROVIDED,NOT_PROVIDED,NOT_PROVIDED,NOT_PROVIDED,NOT_PROVIDED,NOT_PROVIDED,NOT_PROVIDED,NOT_PROVIDED,NOT_PROVIDED,NOT_PROVIDED,NOT_PROVIDED,NOT_PROVIDED,NOT_PROVIDED,REQ-TC-004,NOT_PROVIDED,NOT_PROVIDED,NOT_TESTED,
J15,FRONT,SLOT-R6-C15,6,15,FRONT,NOT_PROVIDED,NOT_PROVIDED,NOT_PROVIDED,NOT_PROVIDED,NOT_PROVIDED,NOT_PROVIDED,NOT_PROVIDED,NOT_PROVIDED,NOT_PROVIDED,NOT_PROVIDED,NOT_PROVIDED,NOT_PROVIDED,NOT_PROVIDED,NOT_PROVIDED,NOT_PROVIDED,NOT_PROVIDED,NOT_PROVIDED,REQ-TC-004,NOT_PROVIDED,NOT_PROVIDED,NOT_TESTED,
J15,FRONT,SLOT-R6-C15,6,15,REAR,NOT_PROVIDED,NOT_PROVIDED,NOT_PROVIDED,NOT_PROVIDED,NOT_PROVIDED,NOT_PROVIDED,NOT_PROVIDED,NOT_PROVIDED,NOT_PROVIDED,NOT_PROVIDED,NOT_PROVIDED,NOT_PROVIDED,NOT_PROVIDED,NOT_PROVIDED,NOT_PROVIDED,NOT_PROVIDED,NOT_PROVIDED,REQ-TC-004,NOT_PROVIDED,NOT_PROVIDED,NOT_TESTED,
J16,FRONT,SLOT-R6-C16,6,16,FRONT,NOT_PROVIDED,NOT_PROVIDED,NOT_PROVIDED,NOT_PROVIDED,NOT_PROVIDED,NOT_PROVIDED,NOT_PROVIDED,NOT_PROVIDED,NOT_PROVIDED,NOT_PROVIDED,NOT_PROVIDED,NOT_PROVIDED,NOT_PROVIDED,NOT_PROVIDED,NOT_PROVIDED,NOT_PROVIDED,NOT_PROVIDED,REQ-TC-004,NOT_PROVIDED,NOT_PROVIDED,NOT_TESTED,
J16,FRONT,SLOT-R6-C16,6,16,REAR,NOT_PROVIDED,NOT_PROVIDED,NOT_PROVIDED,NOT_PROVIDED,NOT_PROVIDED,NOT_PROVIDED,NOT_PROVIDED,NOT_PROVIDED,NOT_PROVIDED,NOT_PROVIDED,NOT_PROVIDED,NOT_PROVIDED,NOT_PROVIDED,NOT_PROVIDED,NOT_PROVIDED,NOT_PROVIDED,NOT_PROVIDED,REQ-TC-004,NOT_PROVIDED,NOT_PROVIDED,NOT_TESTED,
J17,FRONT,SLOT-R6-C17,6,17,FRONT,NOT_PROVIDED,NOT_PROVIDED,NOT_PROVIDED,NOT_PROVIDED,NOT_PROVIDED,NOT_PROVIDED,NOT_PROVIDED,NOT_PROVIDED,NOT_PROVIDED,NOT_PROVIDED,NOT_PROVIDED,NOT_PROVIDED,NOT_PROVIDED,NOT_PROVIDED,NOT_PROVIDED,NOT_PROVIDED,NOT_PROVIDED,REQ-TC-004,NOT_PROVIDED,NOT_PROVIDED,NOT_TESTED,
J17,FRONT,SLOT-R6-C17,6,17,REAR,NOT_PROVIDED,NOT_PROVIDED,NOT_PROVIDED,NOT_PROVIDED,NOT_PROVIDED,NOT_PROVIDED,NOT_PROVIDED,NOT_PROVIDED,NOT_PROVIDED,NOT_PROVIDED,NOT_PROVIDED,NOT_PROVIDED,NOT_PROVIDED,NOT_PROVIDED,NOT_PROVIDED,NOT_PROVIDED,NOT_PROVIDED,REQ-TC-004,NOT_PROVIDED,NOT_PROVIDED,NOT_TESTED,
J18,FRONT,SLOT-R6-C18,6,18,FRONT,NOT_PROVIDED,NOT_PROVIDED,NOT_PROVIDED,NOT_PROVIDED,NOT_PROVIDED,NOT_PROVIDED,NOT_PROVIDED,NOT_PROVIDED,NOT_PROVIDED,NOT_PROVIDED,NOT_PROVIDED,NOT_PROVIDED,NOT_PROVIDED,NOT_PROVIDED,NOT_PROVIDED,NOT_PROVIDED,NOT_PROVIDED,REQ-TC-004,NOT_PROVIDED,NOT_PROVIDED,NOT_TESTED,
J18,FRONT,SLOT-R6-C18,6,18,REAR,NOT_PROVIDED,NOT_PROVIDED,NOT_PROVIDED,NOT_PROVIDED,NOT_PROVIDED,NOT_PROVIDED,NOT_PROVIDED,NOT_PROVIDED,NOT_PROVIDED,NOT_PROVIDED,NOT_PROVIDED,NOT_PROVIDED,NOT_PROVIDED,NOT_PROVIDED,NOT_PROVIDED,NOT_PROVIDED,NOT_PROVIDED,REQ-TC-004,NOT_PROVIDED,NOT_PROVIDED,NOT_TESTED,
